// Generated by tools/generate_mini_logo_overrides.py. Do not edit.
#pragma once

#include <Arduino.h>

struct MiniGeneratedLogoOverride {
  const char* key;
  const char* sourceUrl;
  const uint16_t* pixels;
  const uint8_t* mask;
};

// https://a.espncdn.com/i/teamlogos/nfl/500/hou.png
static const uint16_t MINI_GENERATED_LOGO_PIXELS_0[] PROGMEM = {
  0x0000, 0x0000, 0x0000, 0x0000, 0x0000, 0x0000, 0x0000, 0x0000, 0x0000, 0x0000, 0x0000, 0x0000,
  0x0000, 0x0000, 0x0000, 0x0000, 0x0000, 0x0000, 0x0000, 0x0000, 0x1082, 0x4A69, 0x5ACB, 0x4A6A,
  0x4228, 0x2945, 0x0000, 0x0000, 0x0000, 0x0000, 0x0000, 0x0000, 0x0000, 0x0000, 0x0000, 0x0000,
  0x0000, 0x4228, 0x73CF, 0x31A7, 0x10A4, 0x4A6A, 0x6B6D, 0x4A69, 0x0020, 0x0000, 0x0000, 0x0000,
  0x0000, 0x0000, 0x0000, 0x0000, 0x0000, 0x0000, 0x18C3, 0x8C72, 0x0001, 0x0000, 0x424A, 0x2945,
  0x0000, 0x0000, 0x0000, 0x0000, 0x0000, 0x0000, 0x0000, 0x0841, 0x0000, 0x0000, 0x0000, 0x0000,
  0x4A69, 0x632D, 0x0000, 0x0021, 0x39E8, 0x4A69, 0x0000, 0x0000, 0x0000, 0x0000, 0x0000, 0x0000,
  0x0000, 0x5ACB, 0xABD0, 0x3165, 0x0000, 0x0000, 0x2965, 0x94B3, 0x0000, 0x0042, 0x0001, 0x4229,
  0x632D, 0x10A2, 0x0000, 0x0000, 0x0000, 0x0020, 0x0000, 0x0000, 0xA34D, 0xFAEE, 0x6269, 0x0000,
  0x0000, 0x9CF3, 0x4A8B, 0x0000, 0x0042, 0x0000, 0x1905, 0x632D, 0x630C, 0x18E3, 0x0000, 0x0000,
  0x0000, 0x0861, 0x8B8E, 0xF865, 0xF24C, 0x2104, 0x0000, 0x1082, 0xA534, 0x4A6A, 0x0021, 0x0042,
  0x0001, 0x0000, 0x2126, 0x5ACC, 0x7C10, 0x83EF, 0xAB0D, 0xE2EE, 0xF908, 0xF802, 0xF949, 0x4A08,
  0x0000, 0x0020, 0x6B6D, 0xAD76, 0x0041, 0x0042, 0x0062, 0x0863, 0x0001, 0x0000, 0x7410, 0xFF9E,
  0xF845, 0xF803, 0xF802, 0xF803, 0xEACD, 0x18C3, 0x0000, 0x2104, 0xD69A, 0x3A09, 0x0000, 0x0842,
  0x52CB, 0xC639, 0x31C8, 0x0000, 0x4AEC, 0xFEFC, 0xF004, 0xF804, 0xF969, 0xDB0E, 0x4207, 0x0000,
  0x0000, 0x0000, 0x10A2, 0xA534, 0x4229, 0x0000, 0x4A6A, 0xF7BE, 0xB5D7, 0x10A3, 0x6BEF, 0xFDF9,
  0xF802, 0xDAED, 0x5A8A, 0x0861, 0x0000, 0x0000, 0x0000, 0x0000, 0x0000, 0x0020, 0xA514, 0x18E4,
  0x0862, 0x2146, 0x4A6A, 0x0000, 0xB618, 0xFAAD, 0xF949, 0x4228, 0x0000, 0x0000, 0x0000, 0x0000,
  0x0000, 0x0000, 0x0020, 0x0000, 0x4A49, 0x52EC, 0x0000, 0x0022, 0x0000, 0x2A08, 0xF597, 0xF928,
  0x82EC, 0x0000, 0x0000, 0x0000, 0x0000, 0x0000, 0x0000, 0x0000, 0x0000, 0x0000, 0x2124, 0x5B0C,
  0x0000, 0x0042, 0x0041, 0xACD3, 0xFACE, 0x828B, 0x0000, 0x0000, 0x0000, 0x0000, 0x0000, 0x0000,
  0x0000, 0x0000, 0x0000, 0x10A2, 0xA535, 0x31C8, 0x0000, 0x0000, 0x6B0D, 0xFB91, 0x9AAB, 0x0000,
  0x0000, 0x0000, 0x0000, 0x0000, 0x0000, 0x0000, 0x0000, 0x0000, 0x0000, 0x0020, 0x4208, 0x73AE,
  0x52CB, 0x5B2D, 0xE4F4, 0x92AB, 0x10A2, 0x0000, 0x0000, 0x0000, 0x0000, 0x0000, 0x0000, 0x0000,
  0x0000, 0x0000, 0x0000, 0x0000, 0x0000, 0x0000, 0x2965, 0x6B4D, 0x18C3, 0x0000, 0x0000, 0x0000,
  0x0000, 0x0000, 0x0000, 0x0000, 0x0000, 0x0000, 0x0000, 0x0000, 0x0000, 0x0000, 0x0000, 0x0000,
  0x0000, 0x0000, 0x0000, 0x0000, 0x0000, 0x0000, 0x0000, 0x0000, 0x0000, 0x0000, 0x0000, 0x0000,
};
static const uint8_t MINI_GENERATED_LOGO_MASK_0[] PROGMEM = {
  0x02, 0x00, 0xF4, 0x07, 0xE0, 0x3F, 0xCC, 0x0F, 0x4C, 0xBF, 0xFB, 0xFE, 0x73, 0xE7, 0x3F, 0xFE,
  0xFF, 0xFF, 0xFF, 0xFF, 0xFF, 0xFF, 0xD7, 0xFF, 0xAF, 0xFE, 0x4F, 0xF4, 0xDF, 0xD0, 0xBF, 0xE0,
  0x7F, 0x03, 0xFF, 0x07, 0xC0, 0x01, 0xC0, 0x18, 0x00,
};

// https://a.espncdn.com/i/teamlogos/nba/500/hou.png
static const uint16_t MINI_GENERATED_LOGO_PIXELS_1[] PROGMEM = {
  0x0000, 0x0000, 0x0000, 0x0000, 0x0000, 0x0000, 0x0000, 0x0000, 0x0000, 0x0000, 0x0000, 0x0000,
  0x0000, 0x0000, 0x0000, 0x0000, 0x0000, 0x0000, 0x0000, 0x0000, 0x0000, 0x0000, 0x0000, 0x0000,
  0x0020, 0x60A2, 0x0000, 0x0000, 0x0000, 0x0000, 0x0000, 0x0000, 0x0000, 0x0000, 0x0000, 0x0000,
  0x0000, 0x0000, 0x0000, 0x0000, 0x0000, 0x0000, 0x2840, 0xB0A4, 0x3801, 0x2801, 0x0800, 0x0000,
  0x0000, 0x0000, 0x0000, 0x0000, 0x0000, 0x0000, 0x0000, 0x0000, 0x0000, 0x0000, 0x0820, 0x30C1,
  0x7102, 0xC885, 0x98E3, 0xB904, 0xB865, 0x3001, 0x0000, 0x0000, 0x0000, 0x0000, 0x0000, 0x0000,
  0x0000, 0x0000, 0x0000, 0x0000, 0x0000, 0x0000, 0x38A1, 0xC8A5, 0x1000, 0x0000, 0xD8E5, 0x6802,
  0x0000, 0x0000, 0x0000, 0x0000, 0x0000, 0x0000, 0x0000, 0x0000, 0x0000, 0x0000, 0x0000, 0x0000,
  0x38A1, 0xD0A5, 0x2801, 0x3801, 0x9083, 0x1000, 0x0000, 0x0000, 0x0000, 0x0000, 0x0000, 0x0000,
  0x0000, 0x0000, 0x0000, 0x0000, 0x0000, 0x0000, 0x38A1, 0xC8A5, 0x60A2, 0xA924, 0xA064, 0x0800,
  0x0000, 0x0000, 0x0000, 0x0000, 0x0000, 0x0000, 0x0000, 0x0000, 0x0000, 0x0000, 0x0000, 0x0000,
  0x30A1, 0xC8A5, 0x1000, 0x28A0, 0xD8C6, 0x2001, 0x0000, 0x0000, 0x0000, 0x0000, 0x0000, 0x0000,
  0x0000, 0x0000, 0x0000, 0x2801, 0x4061, 0x30A1, 0x4901, 0xC8A5, 0x1000, 0x2060, 0xD0C5, 0x40A1,
  0x38E1, 0x48A1, 0x2801, 0x0000, 0x0000, 0x0000, 0x0000, 0x0000, 0x1860, 0xD105, 0x8063, 0x2801,
  0x48A1, 0xC885, 0x1000, 0x2860, 0xD0C5, 0x3021, 0x2821, 0x88C3, 0xC0A5, 0x1800, 0x0000, 0x0000,
  0x0000, 0x0000, 0x0000, 0x28A0, 0x60E2, 0x78E3, 0x9103, 0xC865, 0x8083, 0x88C3, 0xD085, 0x80A3,
  0x70C2, 0x5882, 0x1820, 0x0000, 0x0000, 0x0000, 0x0000, 0x0000, 0x0000, 0x0000, 0x0000, 0x0000,
  0x28C1, 0xC104, 0x1860, 0x38C1, 0xC8A5, 0x1800, 0x0000, 0x0000, 0x0000, 0x0000, 0x0000, 0x0000,
  0x0000, 0x0000, 0x0000, 0x0000, 0x0000, 0x0000, 0x20A0, 0x91A3, 0x0000, 0x2060, 0xC905, 0x1800,
  0x0000, 0x0000, 0x0000, 0x0000, 0x0000, 0x0000, 0x0000, 0x0000, 0x0000, 0x0000, 0x0000, 0x0000,
  0x18A0, 0x6182, 0x0000, 0x1060, 0xA1C3, 0x1820, 0x0000, 0x0000, 0x0000, 0x0000, 0x0000, 0x0000,
  0x0000, 0x0000, 0x0000, 0x0000, 0x0000, 0x0000, 0x0000, 0x3100, 0x0000, 0x0840, 0x71C2, 0x1840,
  0x0000, 0x0000, 0x0000, 0x0000, 0x0000, 0x0000, 0x0000, 0x0000, 0x0000, 0x0000, 0x0000, 0x0000,
  0x0000, 0x0020, 0x0000, 0x0000, 0x4961, 0x1860, 0x0000, 0x0000, 0x0000, 0x0000, 0x0000, 0x0000,
  0x0000, 0x0000, 0x0000, 0x0000, 0x0000, 0x0000, 0x0000, 0x0000, 0x0000, 0x0000, 0x18A0, 0x1060,
  0x0000, 0x0000, 0x0000, 0x0000, 0x0000, 0x0000, 0x0000, 0x0000, 0x0000, 0x0000, 0x0000, 0x0000,
  0x0000, 0x0000, 0x0000, 0x0000, 0x0000, 0x0000, 0x0000, 0x0000, 0x0000, 0x0000, 0x0000, 0x0000,
};
static const uint8_t MINI_GENERATED_LOGO_MASK_1[] PROGMEM = {
  0xC0, 0x07, 0x40, 0x23, 0x00, 0x7F, 0x00, 0xFC, 0x0B, 0xD0, 0x2F, 0x40, 0xFF, 0x80, 0xFF, 0x07,
  0xF0, 0x03, 0xFE, 0xFF, 0xF5, 0xFF, 0xCF, 0xFF, 0x17, 0xF0, 0x03, 0xF8, 0x7F, 0x40, 0xBF, 0x00,
  0xFC, 0x02, 0xE0, 0x0B, 0x00, 0x2D, 0x00, 0x30, 0x00,
};

// https://a.espncdn.com/i/teamlogos/mlb/500/hou.png
static const uint16_t MINI_GENERATED_LOGO_PIXELS_2[] PROGMEM = {
  0x0000, 0x0000, 0x0000, 0x0000, 0x0000, 0x0000, 0x0001, 0x0022, 0x0063, 0x0063, 0x0022, 0x0001,
  0x0000, 0x0000, 0x0000, 0x0000, 0x0000, 0x0000, 0x0000, 0x0000, 0x0000, 0x0000, 0x0001, 0x10C5,
  0x51C6, 0x7246, 0x8286, 0x8286, 0x7246, 0x51C6, 0x10C5, 0x0001, 0x0000, 0x0000, 0x0000, 0x0000,
  0x0000, 0x0000, 0x0000, 0x0023, 0x51E7, 0x8AA7, 0x5229, 0x196B, 0x6AA8, 0x6A67, 0x198B, 0x5229,
  0x8AA7, 0x51E7, 0x0023, 0x0000, 0x0000, 0x0000, 0x0000, 0x0000, 0x0023, 0x6A27, 0x7267, 0x096C,
  0x014C, 0x014D, 0xAB86, 0xB304, 0x014D, 0x014C, 0x096C, 0x7267, 0x6A27, 0x0023, 0x0000, 0x0000,
  0x0000, 0x0001, 0x51E7, 0x7A67, 0x012C, 0x010B, 0x010B, 0x096A, 0xEC23, 0xEB41, 0x094A, 0x010B,
  0x010B, 0x012C, 0x7267, 0x51E7, 0x0001, 0x0000, 0x0000, 0x10C5, 0x8287, 0x00EC, 0x09CE, 0x9558,
  0x9D58, 0xB5D8, 0xF509, 0xFCC9, 0xB5B7, 0x9558, 0x9538, 0x018E, 0x010C, 0x8287, 0x10C5, 0x0000,
  0x0001, 0x51C6, 0x9AE6, 0x6268, 0x732A, 0xF719, 0xFFFF, 0xFFBE, 0xED0A, 0xF4CA, 0xFFBE, 0xFFFF,
  0xEEF8, 0x6AC9, 0x6268, 0x9AE6, 0x51E6, 0x0000, 0x0022, 0x7247, 0x5228, 0xCB84, 0xFCA1, 0xECE6,
  0xF7FF, 0xE58F, 0xF3E0, 0xFAC0, 0xFD6F, 0xEFBF, 0xEBA4, 0xFBA0, 0xCB43, 0x5228, 0x7247, 0x0022,
  0x0063, 0x7A67, 0x016C, 0x014C, 0x8A85, 0xFCC6, 0xFFFF, 0xF6F8, 0xFE52, 0xFDD1, 0xFF19, 0xF7BE,
  0xFBE4, 0x8A65, 0x014C, 0x016B, 0x7A87, 0x0043, 0x0063, 0x7A67, 0x098B, 0x016C, 0x010C, 0x62EC,
  0xFFDE, 0xF7DF, 0xF7BF, 0xF7BF, 0xFFFF, 0xF79D, 0x528B, 0x012C, 0x016C, 0x118B, 0x7A67, 0x0063,
  0x0002, 0x7246, 0x19AB, 0x016C, 0x012B, 0x11EE, 0xEFDF, 0xE590, 0xF382, 0xF362, 0xFDD1, 0xEFBF,
  0x01AD, 0x012B, 0x016C, 0x19AB, 0x7A47, 0x0022, 0x0000, 0x51C6, 0x5209, 0x012C, 0x016C, 0x63D3,
  0xF7FF, 0xF634, 0xF362, 0xF382, 0xFE95, 0xF7FF, 0x5BB2, 0x016C, 0x014C, 0x4A09, 0x59E6, 0x0000,
  0x0000, 0x10C5, 0x8AA7, 0x012B, 0x1A2E, 0xEF9E, 0xFFDE, 0xFFFF, 0x63D2, 0x7433, 0xFFFF, 0xFFDE,
  0xEF7E, 0x11ED, 0x012B, 0x8AA7, 0x10C5, 0x0000, 0x0000, 0x0001, 0x51E7, 0x6A47, 0x018C, 0xE447,
  0x9B49, 0x2A4E, 0x09AD, 0x09CD, 0x2A4E, 0x9B49, 0xE3C5, 0x016C, 0x6A48, 0x51E7, 0x0001, 0x0000,
  0x0000, 0x0000, 0x0023, 0x6207, 0xA2E5, 0x6227, 0x010C, 0x010B, 0x014C, 0x014C, 0x010B, 0x010C,
  0x6206, 0xA2C5, 0x6227, 0x0023, 0x0000, 0x0000, 0x0000, 0x0000, 0x0000, 0x0023, 0x51E7, 0x8287,
  0x5229, 0x21AB, 0x098B, 0x098B, 0x21AB, 0x5229, 0x8287, 0x51E7, 0x0023, 0x0000, 0x0000, 0x0000,
  0x0000, 0x0000, 0x0000, 0x0000, 0x0001, 0x10C5, 0x59E6, 0x7246, 0x7A67, 0x7A67, 0x7A47, 0x59E6,
  0x10C5, 0x0001, 0x0000, 0x0000, 0x0000, 0x0000, 0x0000, 0x0000, 0x0000, 0x0000, 0x0000, 0x0000,
  0x0000, 0x0022, 0x0043, 0x0043, 0x0022, 0x0000, 0x0000, 0x0000, 0x0000, 0x0000, 0x0000, 0x0000,
};
static const uint8_t MINI_GENERATED_LOGO_MASK_2[] PROGMEM = {
  0xC8, 0x4F, 0xD0, 0xFF, 0xA2, 0xFF, 0x57, 0xFF, 0xBF, 0xFF, 0xFF, 0xFB, 0xFF, 0xF7, 0xFF, 0xFF,
  0xFF, 0xFF, 0xFF, 0xFF, 0xFF, 0xFF, 0xFF, 0xFF, 0xFF, 0xFF, 0xFF, 0xFE, 0xFF, 0xFD, 0xFF, 0xDF,
  0xFF, 0xAF, 0xFE, 0x5F, 0xF4, 0xBF, 0x20, 0x3F, 0x01,
};

// https://a.espncdn.com/i/teamlogos/ncaa/500/248.png
static const uint16_t MINI_GENERATED_LOGO_PIXELS_3[] PROGMEM = {
  0x0000, 0x0000, 0x0000, 0x0000, 0x0000, 0x0000, 0x0000, 0x0000, 0x0000, 0x0000, 0x0000, 0x0000,
  0x0000, 0x0000, 0x0000, 0x0000, 0x0000, 0x0000, 0x3021, 0xB2AC, 0xB30E, 0xB2ED, 0xB2ED, 0xC32E,
  0x5083, 0x0000, 0xAA2B, 0xBB2E, 0xB2ED, 0xB2ED, 0xC32E, 0x7926, 0x0000, 0x0000, 0x0000, 0x0000,
  0x40C4, 0xEBD1, 0xD128, 0xD189, 0xC8C6, 0xF3B1, 0x69A7, 0x0000, 0xE3F1, 0xD9AA, 0xD148, 0xD0E7,
  0xEACE, 0xA2AC, 0x0000, 0x0000, 0x0000, 0x0000, 0x4042, 0xE412, 0xD28D, 0xC003, 0xC968, 0xF4B4,
  0x60E5, 0x0000, 0xDB90, 0xDB6F, 0xC003, 0xC0E6, 0xEC73, 0x99E9, 0x0000, 0x0000, 0x0000, 0x0000,
  0x0800, 0x60E5, 0xE36F, 0xB803, 0xE2AD, 0x9A0A, 0x1000, 0x0000, 0x4842, 0xE3B0, 0xC045, 0xD1EA,
  0xB2CD, 0x1800, 0x0000, 0x0000, 0x0000, 0x0000, 0x0000, 0x40E4, 0xE32F, 0xB803, 0xE28D, 0x79A8,
  0x0000, 0x0000, 0x1000, 0xDB4F, 0xC045, 0xD9CA, 0xA26B, 0x0000, 0x0000, 0x0000, 0x0000, 0x0000,
  0x0000, 0x48E4, 0xE32F, 0xB803, 0xDA8C, 0xBB2E, 0x7187, 0x7187, 0x89E9, 0xE3D1, 0xC024, 0xD1AA,
  0xCBB0, 0x7187, 0x71A7, 0x71A8, 0x7947, 0x1800, 0x0000, 0x48E4, 0xE32F, 0xC003, 0xD28C, 0xE3B0,
  0xE26C, 0xE2CE, 0xE2AD, 0xE3F1, 0xC044, 0xD1AA, 0xE3D1, 0xE26C, 0xE2CE, 0xE26C, 0xFC53, 0x3842,
  0x0000, 0x48E4, 0xE30E, 0xC003, 0xD26C, 0xDBB0, 0xC044, 0xB803, 0xC9CA, 0xE412, 0xC024, 0xC989,
  0xE473, 0xC085, 0xC003, 0xC148, 0xF473, 0x3842, 0x0000, 0x4083, 0xF3F2, 0xC8E7, 0xC024, 0xDBB0,
  0xD20B, 0xC003, 0xE412, 0xD1A9, 0xC003, 0xD28C, 0xF619, 0xD26C, 0xC003, 0xE3D1, 0x9A09, 0x1000,
  0x0000, 0x0000, 0x7146, 0xEBF1, 0xE2ED, 0xE473, 0xD1EA, 0xC003, 0xDB90, 0xDB4F, 0xDB90, 0xED56,
  0xE452, 0xD22B, 0xB803, 0xEB70, 0x4062, 0x0000, 0x0000, 0x0000, 0x0000, 0x3862, 0x48C4, 0xB32E,
  0xD9EA, 0xC024, 0xC8A6, 0xC948, 0xC928, 0xC907, 0xC907, 0xC886, 0xC024, 0xEB70, 0x48C4, 0x0000,
  0x0000, 0x0000, 0x0000, 0x0000, 0x0000, 0x9A6B, 0xD9EB, 0xC003, 0xDAAD, 0xDB4F, 0xDB0E, 0xDB0E,
  0xDB90, 0xD189, 0xC003, 0xEB70, 0x40A3, 0x0000, 0x0000, 0x0000, 0x0000, 0x0000, 0x1800, 0xB2ED,
  0xDA0B, 0xC003, 0xE412, 0x8146, 0x3882, 0x4062, 0xB2ED, 0xDAAD, 0xB803, 0xEBD1, 0x68E5, 0x0800,
  0x0000, 0x0000, 0x0000, 0x0000, 0x8987, 0xEC53, 0xC0E7, 0xB803, 0xDACD, 0xD36F, 0x0800, 0x50C4,
  0xEC32, 0xC948, 0xC003, 0xD26C, 0xEC12, 0x3021, 0x0000, 0x0000, 0x0000, 0x0000, 0x9A8B, 0xEB2F,
  0xD128, 0xD189, 0xD9A9, 0xEC12, 0x1800, 0x69A7, 0xF3B1, 0xD128, 0xD9A9, 0xD128, 0xFC73, 0x3862,
  0x0000, 0x0000, 0x0000, 0x0000, 0x7106, 0xCB2E, 0xBAED, 0xBAED, 0xC32E, 0xB26B, 0x1000, 0x50A3,
  0xCB0E, 0xBAED, 0xBAED, 0xBB0E, 0xCAED, 0x2801, 0x0000, 0x0000, 0x0000, 0x0000, 0x0000, 0x0000,
  0x0000, 0x0000, 0x0000, 0x0000, 0x0000, 0x0000, 0x0000, 0x0000, 0x0000, 0x0000, 0x0000, 0x0000,
};
static const uint8_t MINI_GENERATED_LOGO_MASK_3[] PROGMEM = {
  0x7F, 0x3F, 0xFC, 0xFF, 0xF2, 0xFF, 0xCB, 0xFF, 0x2F, 0xFF, 0xFF, 0xFB, 0x7C, 0xF0, 0xFF, 0xBF,
  0xFF, 0xFF, 0xFE, 0xFF, 0xFB, 0xFF, 0xFF, 0xFF, 0x1F, 0xFE, 0xFF, 0xE4, 0xFF, 0xF1, 0xFF, 0x4F,
  0xFF, 0x3F, 0xFD, 0xFF, 0xF4, 0xFF, 0xC3, 0xCF, 0x07,
};

// https://a.espncdn.com/i/teamlogos/nfl/500/mia.png
static const uint16_t MINI_GENERATED_LOGO_PIXELS_4[] PROGMEM = {
  0x0000, 0x0000, 0x0000, 0x0000, 0x0000, 0x0000, 0x0000, 0x0000, 0x0000, 0x0000, 0x0000, 0x0000,
  0x0000, 0x0000, 0x0000, 0x0000, 0x0000, 0x0000, 0x0000, 0x0000, 0x0000, 0x0000, 0x0000, 0x0000,
  0x0000, 0x0000, 0x0000, 0x0000, 0x0000, 0x0000, 0x0000, 0x0000, 0x0000, 0x0000, 0x0000, 0x0000,
  0x0000, 0x0000, 0x0000, 0x0000, 0x0000, 0x0000, 0x0000, 0x0000, 0x0000, 0x0000, 0x0000, 0x1082,
  0x0000, 0x0000, 0x0000, 0x0000, 0x0000, 0x0000, 0x0000, 0x0000, 0x0000, 0x0000, 0x0000, 0x0020,
  0x10A2, 0x0000, 0x3165, 0x4185, 0x18C3, 0x6289, 0x0861, 0x0000, 0x0000, 0x0000, 0x0000, 0x0000,
  0x0000, 0x0000, 0x0000, 0x0000, 0x0000, 0x0000, 0x6A47, 0x7247, 0xB328, 0xE3CA, 0xD46E, 0xE3A8,
  0x830A, 0x18C3, 0x0000, 0x0000, 0x0000, 0x0000, 0x0000, 0x0000, 0x0000, 0x0000, 0x0840, 0x0000,
  0x5A27, 0xFC2A, 0xFE97, 0xFF9D, 0xFFFF, 0xFEFA, 0xA4D1, 0x4472, 0x23D0, 0x4C30, 0x5CB4, 0x1924,
  0x0000, 0x0000, 0x0000, 0x0000, 0x3165, 0x8AA8, 0xE3EA, 0xFF9D, 0xFFFF, 0xFFFF, 0xC73D, 0x3556,
  0x0432, 0x4576, 0x7DF9, 0x4C75, 0x326B, 0x0820, 0x0000, 0x0000, 0x0000, 0x0000, 0x0000, 0x82C9,
  0xFE14, 0xBF3D, 0x8DF8, 0x75B8, 0x0C93, 0x0411, 0x75B7, 0xA5F9, 0x3392, 0x08E4, 0x0000, 0x0000,
  0x0000, 0x0000, 0x0000, 0x0041, 0x5A28, 0xCB27, 0xFF1B, 0xB6FC, 0x1CB4, 0x0411, 0x0472, 0x3CF5,
  0x8537, 0x2391, 0xC40D, 0x5A06, 0x10C3, 0x0000, 0x0861, 0x0020, 0x0000, 0x0000, 0x10A2, 0xC328,
  0xFF1A, 0xBF3D, 0x0C73, 0x0C73, 0x0452, 0x2371, 0x02EF, 0x85D8, 0xFCED, 0x5A27, 0x0020, 0x0000,
  0x1904, 0x3C11, 0x234D, 0x2AEC, 0x1986, 0x7A88, 0x9D74, 0x0C94, 0x5D15, 0x2CB4, 0x1370, 0x8D77,
  0x6DF9, 0xE6DA, 0xE3C9, 0x41A6, 0x0000, 0x0000, 0x0000, 0x1966, 0x236F, 0x2C11, 0x44B3, 0x3CB4,
  0x3CF5, 0x6D16, 0x6D37, 0x75B8, 0xDF5E, 0xFFFF, 0xF7BF, 0xFD50, 0x8287, 0x5207, 0x18C3, 0x0000,
  0x0000, 0x0000, 0x0000, 0x0000, 0x1904, 0x3209, 0x736D, 0xB3CD, 0xED93, 0xFF9C, 0xFFDE, 0xFEB8,
  0xFCEE, 0x9A86, 0x0861, 0x0000, 0x0000, 0x0000, 0x0000, 0x0000, 0x0000, 0x0000, 0x0000, 0x0000,
  0x18C2, 0x3165, 0xB2A6, 0xEB87, 0xCBEC, 0xD348, 0x7226, 0x7288, 0x1061, 0x0000, 0x0000, 0x0000,
  0x0000, 0x0000, 0x0000, 0x0000, 0x0000, 0x0000, 0x0000, 0x0000, 0x51C6, 0x51E6, 0x1082, 0x39A6,
  0x0000, 0x0020, 0x1061, 0x0000, 0x0000, 0x0000, 0x0000, 0x0000, 0x0000, 0x0000, 0x0000, 0x0000,
  0x0000, 0x0000, 0x10A2, 0x0000, 0x0000, 0x0000, 0x0000, 0x0000, 0x0000, 0x0000, 0x0000, 0x0000,
  0x0000, 0x0000, 0x0000, 0x0000, 0x0000, 0x0000, 0x0000, 0x0000, 0x0000, 0x0000, 0x0000, 0x0000,
  0x0000, 0x0000, 0x0000, 0x0000, 0x0000, 0x0000, 0x0000, 0x0000, 0x0000, 0x0000, 0x0000, 0x0000,
  0x0000, 0x0000, 0x0000, 0x0000, 0x0000, 0x0000, 0x0000, 0x0000, 0x0000, 0x0000, 0x0000, 0x0000,
};
static const uint8_t MINI_GENERATED_LOGO_MASK_4[] PROGMEM = {
  0x00, 0x08, 0x00, 0x59, 0x00, 0x98, 0x02, 0xD8, 0x37, 0xE0, 0x3F, 0xC0, 0xFF, 0x4F, 0xFF, 0xFF,
  0xFA, 0x3F, 0xFC, 0xFF, 0xCF, 0xFF, 0xFF, 0xFF, 0xAF, 0xFF, 0xFF, 0xF1, 0x7F, 0x18, 0xFF, 0x87,
  0xF3, 0x16, 0x70, 0x04, 0x00, 0x2E, 0x00, 0x04, 0x00,
};

// https://a.espncdn.com/i/teamlogos/nba/500/mia.png
static const uint16_t MINI_GENERATED_LOGO_PIXELS_5[] PROGMEM = {
  0x0000, 0x0000, 0x0000, 0x0000, 0x0000, 0x0000, 0x0000, 0x0000, 0x0000, 0x0000, 0x0000, 0x0820,
  0x0000, 0x0000, 0x0000, 0x0000, 0x0000, 0x0000, 0x0000, 0x0000, 0x0000, 0x0000, 0x0000, 0x0000,
  0x0000, 0x0000, 0x0000, 0x0000, 0x0000, 0x59E0, 0x0000, 0x0000, 0x0000, 0x0000, 0x0000, 0x0000,
  0x0000, 0x0000, 0x0000, 0x0000, 0x0000, 0x0000, 0x0000, 0x0000, 0x0000, 0x0000, 0x3940, 0x82A0,
  0x0000, 0x1880, 0x0000, 0x0000, 0x0000, 0x0000, 0x0000, 0x0000, 0x0000, 0x0000, 0x0000, 0x0000,
  0x0000, 0x0000, 0x0000, 0x7A40, 0xF4A0, 0xA2E0, 0x8260, 0x59A0, 0x0000, 0x0020, 0x0000, 0x0000,
  0x0000, 0x0000, 0x0000, 0x0000, 0x2945, 0x5ACB, 0x7BEF, 0x9492, 0x9CF3, 0xD613, 0xB572, 0xBD4F,
  0xA46B, 0x2965, 0x0000, 0x0000, 0x0000, 0x0000, 0x0000, 0x0000, 0x5AEB, 0xCE59, 0xCE79, 0xBDD7,
  0xA514, 0x9431, 0x93F0, 0x8BB0, 0xAC32, 0xB4F5, 0xB5B7, 0xCE9A, 0xCE59, 0x5ACB, 0x0000, 0x0000,
  0x0000, 0x738E, 0xEF5D, 0x4228, 0x0861, 0x0000, 0x0000, 0x1800, 0x8002, 0x7001, 0x6801, 0x5800,
  0x1000, 0x1082, 0x4A69, 0xEF5D, 0x73AE, 0x0000, 0x0000, 0x6B4D, 0xD69A, 0x2104, 0x0000, 0x0000,
  0x0000, 0x5002, 0xB826, 0x9805, 0x7003, 0xB005, 0x2000, 0x0000, 0x18C3, 0xCE79, 0x6B6D, 0x0000,
  0x0000, 0x0000, 0x4228, 0x9CF3, 0x8C92, 0x51E8, 0x3801, 0x8804, 0xB005, 0x9004, 0x6803, 0x6167,
  0x6B4D, 0x8C71, 0x9CD3, 0x4228, 0x0000, 0x0000, 0x0000, 0x0000, 0x0000, 0x0000, 0x80A6, 0x8865,
  0xA804, 0xB805, 0xA805, 0x8004, 0x7003, 0x3022, 0x3165, 0x2104, 0x0000, 0x0000, 0x0000, 0x0000,
  0x0000, 0x0000, 0x0000, 0x7003, 0x9003, 0x9804, 0xB805, 0xB005, 0x7803, 0xA004, 0x7803, 0x1000,
  0x0000, 0x0000, 0x0000, 0x0000, 0x0000, 0x0000, 0x0000, 0x0000, 0x1000, 0xA005, 0x8003, 0xB805,
  0xA805, 0x7803, 0x9804, 0xB005, 0x6002, 0x0000, 0x0000, 0x0000, 0x0000, 0x0000, 0x0000, 0x0000,
  0x0000, 0x0000, 0x3801, 0xA004, 0x8003, 0xB005, 0x7003, 0xA004, 0xC005, 0x9004, 0x7003, 0x0000,
  0x0000, 0x0000, 0x0000, 0x0000, 0x0000, 0x0000, 0x0000, 0x0000, 0x4002, 0x8804, 0x8004, 0x8804,
  0x9004, 0xC005, 0x9804, 0x8003, 0x7803, 0x0000, 0x0000, 0x0000, 0x0000, 0x0000, 0x0000, 0x0000,
  0x0000, 0x0000, 0x1000, 0x6803, 0x7003, 0x8003, 0x9804, 0x9804, 0x7803, 0xB005, 0x3001, 0x0000,
  0x0000, 0x0000, 0x0000, 0x0000, 0x0000, 0x0000, 0x0000, 0x0000, 0x0000, 0x4802, 0x6002, 0x5802,
  0x5002, 0x7003, 0xA004, 0x5002, 0x0000, 0x0000, 0x0000, 0x0000, 0x0000, 0x0000, 0x0000, 0x0000,
  0x0000, 0x0000, 0x0000, 0x0800, 0x4802, 0x8003, 0x7003, 0x7003, 0x4802, 0x0000, 0x0000, 0x0000,
  0x0000, 0x0000, 0x0000, 0x0000, 0x0000, 0x0000, 0x0000, 0x0000, 0x0000, 0x0000, 0x0000, 0x1000,
  0x1800, 0x0000, 0x0000, 0x0000, 0x0000, 0x0000, 0x0000, 0x0000, 0x0000, 0x0000, 0x0000, 0x0000,
};
static const uint8_t MINI_GENERATED_LOGO_MASK_5[] PROGMEM = {
  0x00, 0x7E, 0x00, 0x74, 0x80, 0xFF, 0x8F, 0x81, 0x6F, 0xF8, 0x7F, 0xFC, 0xFF, 0xEF, 0xFB, 0x9F,
  0xF7, 0x77, 0xFF, 0xFF, 0xE3, 0xFF, 0xF1, 0xFF, 0x58, 0xFF, 0x1F, 0xFD, 0x2F, 0xF4, 0x7F, 0xD0,
  0x7F, 0xC1, 0xFF, 0x07, 0xFA, 0x0B, 0x90, 0x13, 0x00,
};

// https://a.espncdn.com/i/teamlogos/mlb/500/mia.png
static const uint16_t MINI_GENERATED_LOGO_PIXELS_6[] PROGMEM = {
  0x0000, 0x0000, 0x0000, 0x0000, 0x0000, 0x0000, 0x0000, 0x0000, 0x0000, 0x0000, 0x0000, 0x0000,
  0x0000, 0x0000, 0x0000, 0x0000, 0x0000, 0x0000, 0x0000, 0x0000, 0x0000, 0x0000, 0x0000, 0x0021,
  0x0188, 0x0000, 0x0000, 0x0000, 0x0000, 0x0000, 0x0000, 0x0000, 0x0000, 0x0000, 0x0000, 0x0000,
  0x0000, 0x0000, 0x0000, 0x0000, 0x0000, 0x0041, 0x022B, 0x0126, 0x0000, 0x0000, 0x0000, 0x0000,
  0x0000, 0x0000, 0x0000, 0x0000, 0x0000, 0x0000, 0x0000, 0x0000, 0x0000, 0x0000, 0x0000, 0x00A4,
  0x0331, 0x02F0, 0x0083, 0x0000, 0x0062, 0x00E4, 0x0147, 0x00C4, 0x0000, 0x0000, 0x0000, 0x0000,
  0x0000, 0x0000, 0x0000, 0x0000, 0x0105, 0x0946, 0x1126, 0x00C4, 0x0105, 0x0188, 0x0988, 0x0967,
  0x0105, 0x0000, 0x0082, 0x0106, 0x0167, 0x0021, 0x0000, 0x0000, 0x0000, 0x0126, 0x2947, 0x3062,
  0x0800, 0x0000, 0x0841, 0x1967, 0x1987, 0x0061, 0x0000, 0x19C9, 0x0167, 0x01A8, 0x022C, 0x0020,
  0x0000, 0x0021, 0x01A9, 0x1B31, 0x2B30, 0x022B, 0x0082, 0x08A3, 0x1146, 0x10E4, 0x0061, 0x30E4,
  0x3A4C, 0x00C4, 0x0000, 0x0188, 0x0000, 0x0000, 0x0000, 0x0021, 0x01C9, 0x30E4, 0x0062, 0x10C3,
  0x10E4, 0x0841, 0x01C9, 0x0000, 0x1021, 0x4A4C, 0x0062, 0x0000, 0x00C4, 0x0147, 0x0000, 0x0000,
  0x0000, 0x0000, 0x0147, 0x1000, 0x08E4, 0x08E4, 0x0021, 0x0062, 0x0106, 0x1083, 0x520B, 0x00A3,
  0x00A3, 0x0021, 0x0167, 0x0061, 0x0000, 0x0000, 0x0000, 0x0000, 0x0106, 0x0041, 0x3A6C, 0x0062,
  0x09A8, 0x0A0A, 0x0020, 0x4310, 0x1106, 0x00A3, 0x02CF, 0x0000, 0x01A9, 0x0000, 0x0000, 0x0000,
  0x0000, 0x0000, 0x0041, 0x1905, 0x4A0B, 0x0000, 0x1A0B, 0x320B, 0x0062, 0x09C9, 0x0000, 0x32F0,
  0x1967, 0x0062, 0x0167, 0x0000, 0x0000, 0x0000, 0x0000, 0x0000, 0x0000, 0x3126, 0x29A9, 0x0000,
  0x024C, 0x0905, 0x0061, 0x0000, 0x01A8, 0x4A4C, 0x0041, 0x0126, 0x00A2, 0x0000, 0x0000, 0x0000,
  0x0000, 0x0000, 0x0000, 0x49A8, 0x08C4, 0x0105, 0x0126, 0x21A8, 0x0021, 0x0147, 0x1946, 0x39C9,
  0x0000, 0x01A8, 0x0000, 0x0000, 0x0000, 0x0000, 0x0000, 0x0000, 0x0000, 0x422B, 0x0000, 0x020B,
  0x0146, 0x4946, 0x126D, 0x0105, 0x38C4, 0x2188, 0x0021, 0x0168, 0x0000, 0x0000, 0x0000, 0x0000,
  0x0000, 0x0000, 0x30A3, 0x2988, 0x0062, 0x01CA, 0x0146, 0x30C3, 0x2A4C, 0x0000, 0x49EA, 0x00C4,
  0x0147, 0x00E4, 0x0000, 0x0000, 0x0000, 0x0000, 0x0000, 0x1020, 0x4A8D, 0x11C9, 0x09A9, 0x0020,
  0x01A8, 0x0862, 0x0000, 0x0800, 0x61EA, 0x4A0A, 0x422B, 0x0062, 0x0000, 0x0000, 0x0000, 0x0000,
  0x0800, 0x7105, 0x524C, 0x2147, 0x0020, 0x0000, 0x00E4, 0x08E4, 0x0000, 0x0000, 0x0000, 0x0000,
  0x0000, 0x0000, 0x0000, 0x0000, 0x0000, 0x0000, 0x0000, 0x0000, 0x0000, 0x0000, 0x0000, 0x0000,
  0x0000, 0x0000, 0x0000, 0x0000, 0x0000, 0x0000, 0x0000, 0x0000, 0x0000, 0x0000, 0x0000, 0x0000,
};
static const uint8_t MINI_GENERATED_LOGO_MASK_6[] PROGMEM = {
  0x80, 0x00, 0xA0, 0xF5, 0x80, 0x2F, 0x1C, 0x7A, 0x0F, 0xF4, 0xDF, 0xE3, 0xFF, 0xFF, 0xFF, 0xCF,
  0x7F, 0xFF, 0xFD, 0xFF, 0xF6, 0xFF, 0xF5, 0xFF, 0x9F, 0xFE, 0x5F, 0xFA, 0xBF, 0xFC, 0xFF, 0xD2,
  0xDF, 0xCB, 0xFF, 0x2F, 0xDF, 0x2E, 0x8C, 0x04, 0x00,
};

// https://a.espncdn.com/i/teamlogos/ncaa/500/2390.png
static const uint16_t MINI_GENERATED_LOGO_PIXELS_7[] PROGMEM = {
  0x0000, 0x0000, 0x0000, 0x0000, 0x0000, 0x0000, 0x0000, 0x0000, 0x0000, 0x0000, 0x0000, 0x0000,
  0x0000, 0x0000, 0x0000, 0x0000, 0x0000, 0x0000, 0x0000, 0x0000, 0x0000, 0x0000, 0x0000, 0x0000,
  0x0000, 0x0000, 0x0000, 0x0000, 0x0000, 0x0000, 0x0000, 0x0000, 0x0000, 0x0000, 0x0000, 0x0000,
  0x0000, 0x0000, 0x0000, 0x0000, 0x0000, 0x0000, 0x0000, 0x0000, 0x0000, 0x0000, 0x0000, 0x0000,
  0x0000, 0x0000, 0x0000, 0x0000, 0x0000, 0x0000, 0x0861, 0x2945, 0x2945, 0x2945, 0x2965, 0x0861,
  0x0000, 0x0000, 0x0000, 0x0000, 0x0000, 0x0000, 0x0861, 0x2965, 0x2945, 0x2945, 0x2965, 0x0841,
  0x4A28, 0xF4ED, 0xEC49, 0xEC49, 0xFD0C, 0x5248, 0x0000, 0x0000, 0x0000, 0x0000, 0x0000, 0x0000,
  0x4248, 0x544E, 0x336A, 0x336A, 0x5C6F, 0x39E7, 0x5248, 0xFC27, 0xF342, 0xF342, 0xFC27, 0x5A48,
  0x0000, 0x0000, 0x0000, 0x0000, 0x0000, 0x0000, 0x4228, 0x1B49, 0x0204, 0x0203, 0x236A, 0x39E7,
  0x5248, 0xF448, 0xF383, 0xEB83, 0xFC48, 0x5248, 0x0000, 0x0000, 0x0000, 0x0000, 0x0000, 0x0000,
  0x4248, 0x2B6A, 0x0245, 0x0245, 0x2B8A, 0x39E7, 0x5248, 0xFC48, 0xF383, 0xF363, 0xFC48, 0x5248,
  0x0000, 0x0000, 0x0000, 0x0000, 0x0000, 0x0000, 0x4248, 0x2B6A, 0x0245, 0x0245, 0x2B8A, 0x39E7,
  0x5248, 0xFC48, 0xF383, 0xF363, 0xFC48, 0x5248, 0x0000, 0x0000, 0x0000, 0x0000, 0x0000, 0x0000,
  0x4248, 0x2B6A, 0x0245, 0x0245, 0x2B8A, 0x39E7, 0x5248, 0xFC48, 0xF383, 0xF363, 0xFC48, 0x5A48,
  0x0000, 0x0000, 0x0000, 0x0000, 0x0000, 0x0000, 0x4248, 0x236A, 0x0245, 0x0245, 0x2B8A, 0x39E7,
  0x5248, 0xF428, 0xF383, 0xF363, 0xFC68, 0x5228, 0x0000, 0x0000, 0x0000, 0x0000, 0x0000, 0x0000,
  0x3A08, 0x2B8A, 0x0245, 0x0245, 0x2B8A, 0x39C7, 0x5248, 0xFC68, 0xEB42, 0xEB63, 0xFBE5, 0x8BAC,
  0x0000, 0x0000, 0x0000, 0x0000, 0x0000, 0x0000, 0x5B6C, 0x1308, 0x0245, 0x0204, 0x2B8A, 0x3A07,
  0x18C3, 0xC46D, 0xFC47, 0xFBE5, 0xFB83, 0xFC06, 0xC42B, 0x8B09, 0x7B2B, 0x530B, 0x42C9, 0x53AC,
  0x1B08, 0x0245, 0x0AC7, 0x2349, 0x5C0E, 0x18C3, 0x0000, 0x0841, 0x62CA, 0xA3CC, 0xCC4C, 0xE46B,
  0xFCCB, 0xFCEB, 0xFE75, 0x95D5, 0x4C0C, 0x4C0D, 0x4BCC, 0x53AC, 0x5B6C, 0x4AAA, 0x0841, 0x0000,
  0x0000, 0x0000, 0x0000, 0x0000, 0x0020, 0x0861, 0x10A2, 0x18E3, 0x2104, 0x2104, 0x18E3, 0x10A2,
  0x0861, 0x0020, 0x0000, 0x0000, 0x0000, 0x0000, 0x0000, 0x0000, 0x0000, 0x0000, 0x0000, 0x0000,
  0x0000, 0x0000, 0x0000, 0x0000, 0x0000, 0x0000, 0x0000, 0x0000, 0x0000, 0x0000, 0x0000, 0x0000,
  0x0000, 0x0000, 0x0000, 0x0000, 0x0000, 0x0000, 0x0000, 0x0000, 0x0000, 0x0000, 0x0000, 0x0000,
  0x0000, 0x0000, 0x0000, 0x0000, 0x0000, 0x0000, 0x0000, 0x0000, 0x0000, 0x0000, 0x0000, 0x0000,
  0x0000, 0x0000, 0x0000, 0x0000, 0x0000, 0x0000, 0x0000, 0x0000, 0x0000, 0x0000, 0x0000, 0x0000,
};
static const uint8_t MINI_GENERATED_LOGO_MASK_7[] PROGMEM = {
  0x00, 0x00, 0xFC, 0xC0, 0x0F, 0x00, 0xC0, 0x0F, 0xFD, 0xBF, 0xF4, 0xFF, 0xD2, 0xFF, 0x4B, 0xFF,
  0x2F, 0xFD, 0xBF, 0xF4, 0xFF, 0xD2, 0xFF, 0x7B, 0xFF, 0x0F, 0xFC, 0xFF, 0xFF, 0xFB, 0xFF, 0x17,
  0xFF, 0xA3, 0x03, 0x70, 0xF0, 0x3F, 0x00, 0x00, 0x00,
};

// https://a.espncdn.com/i/teamlogos/nfl/500/ind.png
static const uint16_t MINI_GENERATED_LOGO_PIXELS_8[] PROGMEM = {
  0x0000, 0x0000, 0x0000, 0x4208, 0x4A49, 0x2945, 0x0000, 0x0000, 0x0000, 0x0000, 0x0000, 0x0000,
  0x2945, 0x4A49, 0x4208, 0x0000, 0x0000, 0x0000, 0x0000, 0x0000, 0x31A6, 0x53B3, 0x2A4F, 0x5393,
  0x4A6A, 0x0000, 0x0000, 0x0000, 0x0000, 0x4A6A, 0x5393, 0x2A50, 0x5373, 0x31A6, 0x0000, 0x0000,
  0x0000, 0x0000, 0x4208, 0x5393, 0x012C, 0x018E, 0x6370, 0x0000, 0x0000, 0x0000, 0x0000, 0x63B1,
  0x014D, 0x012C, 0x4B72, 0x4A49, 0x0000, 0x0000, 0x0000, 0x0000, 0x0841, 0x8CB4, 0x222F, 0x2290,
  0x5B0D, 0x0000, 0x0000, 0x0000, 0x0000, 0x5B0D, 0x2AB1, 0x1A0F, 0x8CD4, 0x0841, 0x0000, 0x0000,
  0x0000, 0x0000, 0x4A69, 0x32B1, 0x00EB, 0x5BD3, 0x18C3, 0x0000, 0x0000, 0x0000, 0x0000, 0x18E3,
  0x5BD3, 0x00EB, 0x32B1, 0x4A69, 0x0000, 0x0000, 0x0000, 0x0020, 0x63B2, 0x012C, 0x2AB1, 0x5ACB,
  0x0000, 0x0000, 0x0000, 0x0000, 0x0000, 0x0000, 0x5AEC, 0x2AB0, 0x012C, 0x63B2, 0x0020, 0x0000,
  0x0000, 0x4228, 0x32F1, 0x010C, 0x5BB2, 0x0861, 0x0000, 0x0000, 0x0000, 0x0000, 0x0000, 0x0000,
  0x0861, 0x63D2, 0x010C, 0x32F1, 0x4249, 0x0000, 0x0000, 0x5B2E, 0x01AE, 0x09CE, 0x634E, 0x0000,
  0x0000, 0x0000, 0x0000, 0x0000, 0x0000, 0x0000, 0x0000, 0x5B2E, 0x09EF, 0x09CE, 0x5B2E, 0x0000,
  0x0000, 0x534F, 0x11EE, 0x3AF1, 0x4208, 0x0000, 0x0000, 0x0000, 0x0000, 0x0000, 0x0000, 0x0000,
  0x0000, 0x4A49, 0x32D1, 0x09CE, 0x5B90, 0x0000, 0x0000, 0x5B70, 0x014D, 0x3B12, 0x39C7, 0x0000,
  0x0000, 0x0000, 0x0000, 0x0000, 0x0000, 0x0000, 0x0000, 0x4208, 0x32D1, 0x012C, 0x63D2, 0x0000,
  0x0000, 0x5B50, 0x016D, 0x1A50, 0x52CC, 0x0000, 0x0000, 0x0000, 0x0000, 0x0000, 0x0000, 0x0000,
  0x0000, 0x5AEC, 0x1A50, 0x012C, 0x6391, 0x0000, 0x0000, 0x5B2D, 0x120F, 0x012C, 0x5BB2, 0x1082,
  0x0000, 0x0020, 0x0000, 0x0000, 0x0020, 0x0000, 0x0861, 0x63B2, 0x012C, 0x122F, 0x5B0D, 0x0000,
  0x0000, 0x31A6, 0x4332, 0x012C, 0x1A50, 0x6BD1, 0x0861, 0x0000, 0x0000, 0x0000, 0x0000, 0x0861,
  0x6BB0, 0x1A2F, 0x012C, 0x4332, 0x39C7, 0x0000, 0x0000, 0x0000, 0x6390, 0x1A30, 0x016C, 0x120F,
  0x5B91, 0x52CB, 0x39E7, 0x39E7, 0x52AB, 0x5350, 0x11EF, 0x014C, 0x1A50, 0x6390, 0x0000, 0x0000,
  0x0000, 0x0000, 0x18C3, 0x6BF2, 0x018E, 0x010B, 0x016D, 0x2270, 0x32D1, 0x32D1, 0x1A50, 0x016D,
  0x010B, 0x09AE, 0x63F2, 0x18C3, 0x0000, 0x0000, 0x0000, 0x0000, 0x0000, 0x2104, 0x6BD2, 0x2A70,
  0x014D, 0x00EB, 0x014C, 0x016C, 0x00EB, 0x014D, 0x2A70, 0x6BD2, 0x2104, 0x0000, 0x0000, 0x0000,
  0x0000, 0x0000, 0x0000, 0x0000, 0x0841, 0x5B0D, 0x63B2, 0x3B11, 0x32F1, 0x32F1, 0x3B11, 0x63D2,
  0x5B0C, 0x0841, 0x0000, 0x0000, 0x0000, 0x0000, 0x0000, 0x0000, 0x0000, 0x0000, 0x0000, 0x0000,
  0x0020, 0x2965, 0x4208, 0x4208, 0x2965, 0x0020, 0x0000, 0x0000, 0x0000, 0x0000, 0x0000, 0x0000,
};
static const uint8_t MINI_GENERATED_LOGO_MASK_8[] PROGMEM = {
  0x3C, 0x70, 0xF4, 0xED, 0xDB, 0xB7, 0xEF, 0xDF, 0xFE, 0x7D, 0xFB, 0xFE, 0xD2, 0xEF, 0xCF, 0x9F,
  0x17, 0x7A, 0x7E, 0xF8, 0xFD, 0xE1, 0xE7, 0x85, 0x9E, 0xEF, 0x7D, 0x7E, 0xF8, 0xF5, 0xFF, 0xFB,
  0xFF, 0xBF, 0xFE, 0x5F, 0xF4, 0xBF, 0x20, 0x3F, 0x01,
};

// https://a.espncdn.com/i/teamlogos/nba/500/ind.png
static const uint16_t MINI_GENERATED_LOGO_PIXELS_9[] PROGMEM = {
  0x0000, 0x0000, 0x0000, 0x0000, 0x0000, 0x0000, 0x0000, 0x0000, 0x0000, 0x0000, 0x0000, 0x0000,
  0x0000, 0x0000, 0x0000, 0x0000, 0x0000, 0x0000, 0x0000, 0x0000, 0x0000, 0x0841, 0x4249, 0x3A29,
  0x3A29, 0x3A29, 0x4249, 0x3A29, 0x3209, 0x3A29, 0x3A09, 0x31A6, 0x0020, 0x0000, 0x0000, 0x0000,
  0x0000, 0x0000, 0x0000, 0x2124, 0x3A6C, 0x0928, 0x1168, 0x1168, 0x0928, 0x0928, 0x3208, 0x21A8,
  0x21C8, 0x21CA, 0x428C, 0x2104, 0x0000, 0x0000, 0x0000, 0x0000, 0x0000, 0x2986, 0x198A, 0x00A7,
  0x00E7, 0x00A7, 0x21A7, 0xACC4, 0xFE83, 0xDE04, 0x9425, 0x9424, 0x19A7, 0x428C, 0x18E3, 0x0000,
  0x0000, 0x0000, 0x0000, 0x52A9, 0x5B07, 0x4AA6, 0x52C6, 0x6306, 0x9445, 0xBD25, 0xB4E5, 0xD5E4,
  0xE604, 0xCD84, 0xC524, 0x0109, 0x4A6A, 0x0000, 0x0000, 0x0000, 0x0000, 0x4A8A, 0x29E7, 0x29C7,
  0x21A7, 0xCD84, 0xFF43, 0xFEA3, 0xEE64, 0xBD24, 0xBD25, 0x9C45, 0xACA5, 0x52C5, 0x320B, 0x18C2,
  0x0000, 0x0000, 0x18C2, 0x3A6B, 0x0907, 0x0927, 0x0907, 0xACA5, 0xDE04, 0xDDC4, 0xE604, 0xE624,
  0xCD84, 0x83E5, 0xA4A5, 0x9C64, 0x21CB, 0x2945, 0x0000, 0x0000, 0x2945, 0x73AA, 0x5AE5, 0x5B06,
  0x6B46, 0xBD25, 0xC544, 0xBD44, 0xBD24, 0xC564, 0xC564, 0x8C05, 0xA485, 0x8C04, 0x21CB, 0x2965,
  0x0000, 0x0000, 0x31C8, 0x1169, 0x00C7, 0x0108, 0x00C8, 0xB505, 0xFF43, 0xFEE3, 0xFF03, 0xDDE4,
  0xBD25, 0x83E5, 0xA485, 0x7BA5, 0x29EB, 0x2103, 0x0000, 0x0000, 0x52AA, 0x3A27, 0x31E7, 0x3207,
  0x29C7, 0x52C6, 0xC564, 0xC544, 0xACA5, 0xB505, 0xDDE4, 0xC565, 0xCD64, 0x0928, 0x4A8B, 0x0000,
  0x0000, 0x0841, 0x5AEA, 0x4AA6, 0x4A86, 0x4AA6, 0x4AA6, 0x4267, 0x5AE6, 0xD5A4, 0xFEE3, 0xFEC3,
  0xB4E5, 0xBD24, 0x4246, 0x3A6C, 0x2124, 0x0000, 0x0000, 0x18E3, 0x322B, 0x00A7, 0x00E8, 0x00E8,
  0x00E8, 0x00C7, 0x00C7, 0x2187, 0x5AE6, 0x3A26, 0x4267, 0x29E9, 0x3A4C, 0x3186, 0x0000, 0x0000,
  0x0000, 0x3186, 0x21EA, 0x0907, 0x0927, 0x0927, 0x0907, 0x29EA, 0x428B, 0x322B, 0x29EB, 0x320B,
  0x322A, 0x3A09, 0x18C2, 0x0000, 0x0000, 0x0000, 0x0000, 0x3A29, 0x1169, 0x0907, 0x0927, 0x0907,
  0x0928, 0x426A, 0x1082, 0x10A2, 0x1082, 0x1082, 0x0000, 0x0000, 0x0000, 0x0000, 0x0000, 0x0000,
  0x0000, 0x3A4A, 0x0928, 0x0907, 0x0907, 0x00E7, 0x1989, 0x39E8, 0x0000, 0x0000, 0x0000, 0x0000,
  0x0000, 0x0000, 0x0000, 0x0000, 0x0000, 0x0000, 0x18C2, 0x3A6B, 0x0107, 0x0948, 0x0948, 0x0107,
  0x322B, 0x2945, 0x0000, 0x0000, 0x0000, 0x0000, 0x0000, 0x0000, 0x0000, 0x0000, 0x0000, 0x0000,
  0x18E3, 0x4A8B, 0x3A29, 0x424A, 0x424A, 0x3A4A, 0x4A8A, 0x0861, 0x0000, 0x0000, 0x0000, 0x0000,
  0x0000, 0x0000, 0x0000, 0x0000, 0x0000, 0x0000, 0x0000, 0x0000, 0x0000, 0x0000, 0x0000, 0x0000,
  0x0000, 0x0000, 0x0000, 0x0000, 0x0000, 0x0000, 0x0000, 0x0000, 0x0000, 0x0000, 0x0000, 0x0000,
};
static const uint8_t MINI_GENERATED_LOGO_MASK_9[] PROGMEM = {
  0x00, 0x80, 0xE8, 0xFF, 0xA5, 0xFF, 0xAF, 0xFE, 0xFF, 0xFA, 0xFF, 0xF9, 0xFF, 0xDF, 0xFF, 0x7F,
  0xFF, 0xFF, 0xFD, 0xFF, 0xF7, 0xFF, 0xEF, 0xFF, 0x9F, 0xFF, 0xBF, 0xFE, 0x7F, 0xF9, 0x7F, 0xF2,
  0x0F, 0xC6, 0xFF, 0x07, 0xFF, 0x02, 0x00, 0x00, 0x00,
};

// https://a.espncdn.com/i/teamlogos/ncaa/500/84.png
static const uint16_t MINI_GENERATED_LOGO_PIXELS_10[] PROGMEM = {
  0x0000, 0x0000, 0x0000, 0x0000, 0x0000, 0x0861, 0x9C51, 0x7208, 0x7249, 0x7249, 0x71E8, 0x9C72,
  0x0841, 0x0000, 0x0000, 0x0000, 0x0000, 0x0000, 0x0000, 0x0000, 0x0020, 0x0020, 0x0020, 0x0861,
  0x728A, 0x9001, 0x9802, 0x9002, 0x9001, 0x7AEB, 0x0841, 0x0020, 0x0020, 0x0020, 0x0000, 0x0000,
  0x0000, 0x4A49, 0xB555, 0x9C51, 0xA471, 0x9410, 0xB534, 0x71C7, 0x9802, 0x9802, 0x7208, 0xB534,
  0x9C10, 0xA472, 0x9C51, 0xBD75, 0x39E7, 0x0000, 0x0000, 0x4A49, 0x6083, 0x9802, 0x8801, 0x9802,
  0x6062, 0x7A6A, 0x9802, 0xA002, 0x830C, 0x6842, 0x9802, 0x8801, 0x9802, 0x60C3, 0x39E7, 0x0000,
  0x0000, 0x4A28, 0xA492, 0x7022, 0xA002, 0x8001, 0xA472, 0x7229, 0x9802, 0xA002, 0x7A6A, 0x9C51,
  0x8001, 0xA002, 0x6842, 0xACD3, 0x39C7, 0x0000, 0x0000, 0x0000, 0x6B4D, 0x6083, 0xA002, 0x7021,
  0x9CF3, 0x7229, 0x9802, 0xA002, 0x7A6A, 0xAD55, 0x7801, 0xA002, 0x60A3, 0x630C, 0x0000, 0x0000,
  0x0000, 0x0000, 0x528A, 0x6862, 0xA002, 0x7801, 0x8C51, 0x7229, 0x9802, 0xA002, 0x7A6A, 0x9CD3,
  0x7801, 0xA002, 0x6083, 0x4228, 0x0000, 0x0000, 0x0000, 0x0000, 0x528A, 0x6862, 0xA002, 0x7801,
  0x8C71, 0x7229, 0x9802, 0xA002, 0x7A6A, 0x9CD3, 0x7801, 0xA002, 0x6083, 0x4A49, 0x0000, 0x0000,
  0x0000, 0x0000, 0x528A, 0x6862, 0xA002, 0x7801, 0x8C51, 0x7208, 0x9802, 0xA002, 0x7A6A, 0x9CD3,
  0x7801, 0xA002, 0x6083, 0x4228, 0x0000, 0x0000, 0x0000, 0x0000, 0x528A, 0x6862, 0xA002, 0x7801,
  0x8C71, 0x7229, 0x9802, 0xA002, 0x7A6A, 0x9CF3, 0x7801, 0xA002, 0x6083, 0x4228, 0x0000, 0x0000,
  0x0000, 0x0000, 0x5ACB, 0x6862, 0xA002, 0x7801, 0xBDF7, 0x71E8, 0x9802, 0xA002, 0x7249, 0xC618,
  0x7801, 0xA002, 0x6083, 0x528A, 0x0000, 0x0000, 0x0000, 0x0000, 0x5ACB, 0x6862, 0xA002, 0x8801,
  0x7801, 0x8001, 0x9802, 0x9802, 0x8001, 0x7821, 0x8801, 0xA002, 0x6862, 0x528A, 0x0000, 0x0000,
  0x0000, 0x0000, 0x5ACB, 0x71E8, 0x9801, 0x9802, 0xA002, 0x9802, 0x9002, 0x9002, 0x9802, 0xA002,
  0x9802, 0x9801, 0x7249, 0x528A, 0x0000, 0x0000, 0x0000, 0x0000, 0x18C3, 0xDEDB, 0x69A7, 0x7821,
  0x7022, 0x8001, 0x9002, 0x9802, 0x8001, 0x7022, 0x7821, 0x69E8, 0xD6BA, 0x10A2, 0x0000, 0x0000,
  0x0000, 0x0000, 0x0000, 0x20E3, 0x8430, 0x83EF, 0xA514, 0x7A6A, 0x9802, 0xA002, 0x82CB, 0x9CF3,
  0x8410, 0x8C51, 0x18C3, 0x0000, 0x0000, 0x0000, 0x0000, 0x0000, 0x0000, 0x0000, 0x0000, 0x18C3,
  0xB555, 0x68A3, 0x9001, 0x9801, 0x68C3, 0xBD76, 0x1082, 0x0000, 0x0000, 0x0000, 0x0000, 0x0000,
  0x0000, 0x0000, 0x0000, 0x0000, 0x0000, 0x18C3, 0x7208, 0xA802, 0x9802, 0x9802, 0xA802, 0x7A6A,
  0x1082, 0x0000, 0x0000, 0x0000, 0x0000, 0x0000, 0x0000, 0x0000, 0x0000, 0x0000, 0x0000, 0x18C3,
  0xB555, 0x7AAB, 0x7AAB, 0x82CB, 0x7A8A, 0xBD76, 0x1082, 0x0000, 0x0000, 0x0000, 0x0000, 0x0000,
};
static const uint8_t MINI_GENERATED_LOGO_MASK_10[] PROGMEM = {
  0xFE, 0xFF, 0xFD, 0xFF, 0xF7, 0xFF, 0xFF, 0xFF, 0xFF, 0xFF, 0xFF, 0xFF, 0xFF, 0xFF, 0xFF, 0xFF,
  0xFF, 0xFF, 0xFF, 0xFF, 0xFF, 0xFF, 0xFF, 0xFF, 0xFF, 0xFF, 0xFF, 0xFF, 0xFF, 0xFF, 0xFF, 0xEF,
  0xFF, 0x1F, 0xFF, 0x3F, 0xF8, 0x7F, 0xE0, 0xFF, 0x01,
};

// https://a.espncdn.com/guid/cbe677ee-361e-91b4-5cae-6c4c30044743/logos/secondary_logo_on_black_color.png
static const uint16_t MINI_GENERATED_LOGO_PIXELS_11[] PROGMEM = {
  0x0000, 0x0000, 0x0000, 0x0000, 0x0000, 0x0000, 0x0000, 0x0000, 0x0000, 0x0000, 0x0000, 0x0000,
  0x0000, 0x0000, 0x0000, 0x0000, 0x0000, 0x0000, 0x0000, 0x0000, 0x0000, 0x0000, 0x0000, 0x0000,
  0x0000, 0x0000, 0x0000, 0x0000, 0x0000, 0x0000, 0x0000, 0x0000, 0x0000, 0x0000, 0x0000, 0x0000,
  0x0861, 0x18C3, 0x0000, 0x0000, 0x0000, 0x0000, 0x0000, 0x0000, 0x0000, 0x0000, 0x0000, 0x0000,
  0x0000, 0x0000, 0x0000, 0x0000, 0x10A2, 0x0861, 0x31C7, 0x4ACC, 0x0000, 0x0000, 0x0000, 0x0000,
  0x0000, 0x0000, 0x0000, 0x0000, 0x0000, 0x0000, 0x0000, 0x0000, 0x0000, 0x0000, 0x530D, 0x2966,
  0x3186, 0x69CA, 0x39C8, 0x0000, 0x0000, 0x0000, 0x0000, 0x0000, 0x0000, 0x0000, 0x0000, 0x0000,
  0x0000, 0x0000, 0x0000, 0x39C7, 0x7A2C, 0x2125, 0x10C3, 0x924B, 0x8908, 0x322A, 0x2104, 0x0000,
  0x0000, 0x0000, 0x0000, 0x0000, 0x0000, 0x0000, 0x0000, 0x2104, 0x322A, 0x8908, 0x8A0B, 0x18E3,
  0x10C3, 0x6AEE, 0x70C7, 0x10E8, 0x2A0B, 0x3A09, 0x0000, 0x0000, 0x0861, 0x0862, 0x0000, 0x0000,
  0x3A09, 0x2A0B, 0x10E8, 0x70C7, 0x62AD, 0x2104, 0x0041, 0x7A0A, 0x78C7, 0x30C7, 0x00A7, 0x116A,
  0x3A2A, 0x18C3, 0xA556, 0xADB8, 0x4A6A, 0x3A2A, 0x116A, 0x00A7, 0x28C7, 0x78C7, 0x7A0A, 0x0841,
  0x0000, 0x39E8, 0xA0C7, 0xC065, 0x60C7, 0x08A7, 0x0969, 0x6B8F, 0xE75D, 0xD6DC, 0x8452, 0x118A,
  0x08A7, 0x60C7, 0xB865, 0xA0E7, 0x39E8, 0x0000, 0x0000, 0x2986, 0x6169, 0x9065, 0x40C7, 0x40C7,
  0x10A7, 0x7C53, 0x73F2, 0x63B1, 0x6BD1, 0x10A7, 0x40C7, 0x40C7, 0x8865, 0x698A, 0x2986, 0x0000,
  0x0000, 0x0841, 0x7A4B, 0xA865, 0x50A6, 0x0108, 0x10C7, 0x21EB, 0x0108, 0x0949, 0x21AA, 0x10C7,
  0x0108, 0x50A6, 0xA866, 0x7A2B, 0x0861, 0x0000, 0x0000, 0x0000, 0x1924, 0x822B, 0xB886, 0x5086,
  0x0108, 0x00A7, 0x21CB, 0x21CB, 0x00A7, 0x0908, 0x5086, 0xB886, 0x822B, 0x1924, 0x0000, 0x0000,
  0x0000, 0x0000, 0x0000, 0x08C3, 0x5A4A, 0x4149, 0x08C7, 0x00C8, 0x4AEE, 0x428C, 0x00E8, 0x08A7,
  0x4149, 0x5A4A, 0x08C3, 0x0000, 0x0000, 0x0000, 0x0000, 0x0000, 0x0000, 0x0000, 0x0000, 0x3A2A,
  0x0949, 0x29EB, 0x2104, 0x2124, 0x29EB, 0x0949, 0x3A29, 0x0000, 0x0000, 0x0000, 0x0000, 0x0000,
  0x0000, 0x0000, 0x0000, 0x0000, 0x0000, 0x0000, 0x4AAC, 0x3A2A, 0x0000, 0x0000, 0x422A, 0x4AAC,
  0x0000, 0x0000, 0x0000, 0x0000, 0x0000, 0x0000, 0x0000, 0x0000, 0x0000, 0x0000, 0x0000, 0x0000,
  0x10A2, 0x10A2, 0x0000, 0x0000, 0x1082, 0x18C3, 0x0000, 0x0000, 0x0000, 0x0000, 0x0000, 0x0000,
  0x0000, 0x0000, 0x0000, 0x0000, 0x0000, 0x0000, 0x0000, 0x0000, 0x0000, 0x0000, 0x0000, 0x0000,
  0x0000, 0x0000, 0x0000, 0x0000, 0x0000, 0x0000, 0x0000, 0x0000, 0x0000, 0x0000, 0x0000, 0x0000,
  0x0000, 0x0000, 0x0000, 0x0000, 0x0000, 0x0000, 0x0000, 0x0000, 0x0000, 0x0000, 0x0000, 0x0000,
};
static const uint8_t MINI_GENERATED_LOGO_MASK_11[] PROGMEM = {
  0x03, 0x00, 0x03, 0x00, 0xF0, 0x00, 0xFC, 0x06, 0xD8, 0x27, 0x93, 0x7F, 0x92, 0xFF, 0xB7, 0xFF,
  0xFF, 0xFF, 0xFE, 0xFF, 0xF9, 0xFF, 0xF7, 0xFF, 0x7F, 0xFF, 0xBF, 0xFA, 0x7F, 0x91, 0x7F, 0x82,
  0xCD, 0x06, 0xFC, 0x0F, 0x00, 0x00, 0x00, 0x33, 0x00,
};

// https://a.espncdn.com/i/teamlogos/nfl/500/wsh.png
static const uint16_t MINI_GENERATED_LOGO_PIXELS_12[] PROGMEM = {
  0x0000, 0x0000, 0x0000, 0x0000, 0x0000, 0x0000, 0x0000, 0x0000, 0x0000, 0x0000, 0x0000, 0x0000,
  0x0000, 0x0000, 0x0000, 0x0000, 0x0000, 0x0000, 0x0000, 0x0000, 0x0000, 0x0000, 0x0000, 0x0000,
  0x0000, 0x0000, 0x0000, 0x0000, 0x0000, 0x0000, 0x0000, 0x0000, 0x0000, 0x0000, 0x0000, 0x0000,
  0x0000, 0x0000, 0x0000, 0x0000, 0x0000, 0x0000, 0x0000, 0x0000, 0x0000, 0x0000, 0x0000, 0x0000,
  0x0000, 0x0000, 0x0000, 0x0000, 0x0000, 0x0000, 0x0000, 0x0000, 0x0000, 0x0000, 0x0000, 0x0000,
  0x0000, 0x0000, 0x0000, 0x0000, 0x0000, 0x0000, 0x0000, 0x0000, 0x0000, 0x0000, 0x0000, 0x0000,
  0x1080, 0x8B20, 0x8AE0, 0x8AE0, 0x9320, 0x6A40, 0x0020, 0x8B00, 0x8B00, 0x8AE0, 0x9340, 0x3120,
  0x7280, 0x9320, 0x8AE0, 0x8AE0, 0x9320, 0x20C0, 0x0000, 0xA3A0, 0xAA61, 0x78E1, 0x8921, 0xB340,
  0x5220, 0xF540, 0x91C1, 0x78E1, 0xA221, 0x82E0, 0x8B20, 0xA221, 0x7901, 0x8941, 0xC3E0, 0x1080,
  0x0000, 0x10A0, 0xB340, 0x6021, 0x5801, 0x9200, 0xD480, 0xAAE0, 0x9200, 0x5001, 0x6021, 0xA320,
  0x9B80, 0x7901, 0x5001, 0x7901, 0x8B00, 0x0000, 0x0000, 0x0000, 0x8B00, 0x8981, 0x5801, 0x7921,
  0xCBE0, 0x78E1, 0xBB60, 0x6841, 0x6001, 0xA2A0, 0xDC60, 0x6021, 0x5801, 0xAA81, 0x4A00, 0x0000,
  0x0000, 0x0000, 0x41C0, 0xAAA0, 0x5001, 0x91C1, 0xAAC0, 0x5801, 0xBB60, 0x7921, 0x5801, 0x9201,
  0xAAC0, 0x5801, 0x6841, 0xB340, 0x1080, 0x0000, 0x0000, 0x0000, 0x0860, 0xB360, 0x6001, 0xB300,
  0x89A1, 0x5801, 0x9A40, 0x9A40, 0x5001, 0xB320, 0x8161, 0x5801, 0x8121, 0x9320, 0x0000, 0x0000,
  0x0000, 0x0000, 0x0000, 0x8B00, 0x8961, 0xB340, 0x70A1, 0x5801, 0x9A21, 0xCBE0, 0x6861, 0xC380,
  0x6881, 0x5801, 0xA241, 0x5A20, 0x0000, 0x0000, 0x0000, 0x0000, 0x0000, 0x49A0, 0xCBE0, 0x9A60,
  0x5801, 0x5801, 0xAB00, 0xBC00, 0x9A01, 0xA280, 0x5801, 0x5801, 0xAB20, 0x10A0, 0x0000, 0x0000,
  0x0000, 0x0000, 0x0000, 0x0840, 0xED40, 0xAA61, 0x78C1, 0x99C1, 0x9320, 0x51E0, 0xFD20, 0x9A01,
  0x78E1, 0x99C1, 0xA360, 0x0000, 0x0000, 0x0000, 0x0000, 0x0000, 0x0000, 0x0000, 0x6A40, 0x8B20,
  0x82C0, 0x9340, 0x4160, 0x0840, 0x9B60, 0x8AE0, 0x8AE0, 0x9340, 0x4180, 0x0000, 0x0000, 0x0000,
  0x0000, 0x0000, 0x0000, 0x0000, 0x0000, 0x0000, 0x0000, 0x0000, 0x0000, 0x0000, 0x0000, 0x0000,
  0x0000, 0x0000, 0x0000, 0x0000, 0x0000, 0x0000, 0x0000, 0x0000, 0x0000, 0x0000, 0x0000, 0x0000,
  0x0000, 0x0000, 0x0000, 0x0000, 0x0000, 0x0000, 0x0000, 0x0000, 0x0000, 0x0000, 0x0000, 0x0000,
  0x0000, 0x0000, 0x0000, 0x0000, 0x0000, 0x0000, 0x0000, 0x0000, 0x0000, 0x0000, 0x0000, 0x0000,
  0x0000, 0x0000, 0x0000, 0x0000, 0x0000, 0x0000, 0x0000, 0x0000, 0x0000, 0x0000, 0x0000, 0x0000,
  0x0000, 0x0000, 0x0000, 0x0000, 0x0000, 0x0000, 0x0000, 0x0000, 0x0000, 0x0000, 0x0000, 0x0000,
};
static const uint8_t MINI_GENERATED_LOGO_MASK_12[] PROGMEM = {
  0x00, 0x00, 0x00, 0x00, 0xE0, 0xFB, 0x1F, 0x00, 0x00, 0xFF, 0xFF, 0xFF, 0xFF, 0xEF, 0xFF, 0x5F,
  0xFF, 0xFF, 0xFF, 0xFF, 0xF5, 0xFF, 0xAB, 0xFF, 0xBF, 0xFE, 0xBF, 0xFA, 0x7F, 0xD1, 0xFF, 0x85,
  0x00, 0x00, 0xFC, 0x1F, 0x00, 0x00, 0x00, 0x00, 0x00,
};

// https://a.espncdn.com/i/teamlogos/nba/500/was.png
static const uint16_t MINI_GENERATED_LOGO_PIXELS_13[] PROGMEM = {
  0x0000, 0x0000, 0x0000, 0x0000, 0x0000, 0x0000, 0x0000, 0x1082, 0x2145, 0x2145, 0x0882, 0x0000,
  0x0000, 0x0000, 0x0000, 0x0000, 0x0000, 0x0000, 0x0000, 0x0000, 0x0000, 0x0000, 0x0000, 0x5B0C,
  0xADB6, 0xDEDB, 0xED56, 0xED77, 0xDEDB, 0xAD96, 0x4AAA, 0x0000, 0x0000, 0x0000, 0x0000, 0x0000,
  0x0000, 0x0000, 0x0000, 0x2145, 0xBE18, 0xFD16, 0xFA6C, 0xF412, 0xF390, 0xF3B0, 0xF3F2, 0xFA6C,
  0xFD77, 0xADD7, 0x10E3, 0x0000, 0x0000, 0x0000, 0x0000, 0x0000, 0x2165, 0xDE7A, 0xFB2F, 0xE1EA,
  0xE3F2, 0xF639, 0xD73D, 0xDF1C, 0xF619, 0xDBD1, 0xE9EA, 0xFBB1, 0xCE59, 0x18E3, 0x0000, 0x0000,
  0x0000, 0x0861, 0xC5F8, 0xFC12, 0xBBB1, 0x4B72, 0x226F, 0x8D57, 0xD6DB, 0xDEFB, 0x7CD6, 0x226F,
  0x53B2, 0xCB90, 0xFC93, 0xAD76, 0x0020, 0x0000, 0x0000, 0x636D, 0xFE7A, 0x9C33, 0x0A0E, 0x010A,
  0x0088, 0x9D57, 0xCEBB, 0xD6FC, 0x8495, 0x0068, 0x010A, 0x124E, 0xAC53, 0xFEBB, 0x4AAB, 0x0000,
  0x0000, 0xD659, 0xC619, 0x014B, 0x012B, 0x00EA, 0x4310, 0xADD9, 0x11AC, 0x19ED, 0xB5F9, 0x32AF,
  0x010A, 0x012A, 0x098C, 0xD69B, 0xBDF7, 0x0000, 0x2124, 0xF79E, 0x32AF, 0x010A, 0x010A, 0x328F,
  0x84D6, 0x00EA, 0x7CB5, 0x5BB2, 0x092B, 0x8CF6, 0x222E, 0x012A, 0x00EA, 0x4351, 0xEF7D, 0x0882,
  0x4A49, 0xBE5A, 0x012B, 0x010A, 0x222E, 0x8CF6, 0x096B, 0x00C9, 0xB619, 0x84D5, 0x00A9, 0x11AC,
  0x8D16, 0x19ED, 0x010A, 0x098C, 0xCE9B, 0x2965, 0x4A69, 0x9D78, 0x00EA, 0x096B, 0x9D78, 0x220D,
  0x010A, 0x012B, 0xBE3A, 0x8CF6, 0x010A, 0x010A, 0x2A8F, 0x9D57, 0x012A, 0x012B, 0xADD9, 0x3186,
  0x2965, 0xB619, 0x00A9, 0x7C95, 0x7474, 0x00C9, 0x016B, 0x014B, 0xCE9B, 0x9557, 0x010A, 0x016B,
  0x00C9, 0x8CF6, 0x63D3, 0x012B, 0xBE39, 0x18C3, 0x0841, 0xBDF8, 0x328F, 0xB5F9, 0x1A0D, 0x012B,
  0x014B, 0x016B, 0xD6FC, 0xA597, 0x010A, 0x016B, 0x010A, 0x2A6E, 0xADD9, 0x32D0, 0xBDD7, 0x0000,
  0x0000, 0x738E, 0xCEBC, 0xA578, 0x012A, 0x016B, 0x012B, 0x09AC, 0xE75D, 0xADD8, 0x012B, 0x014B,
  0x014B, 0x016B, 0xADD9, 0xC69C, 0x5AEB, 0x0000, 0x0000, 0x0861, 0xDEFB, 0xC67B, 0x0089, 0x018C,
  0x012B, 0x11CD, 0xF79E, 0xB5F8, 0x016B, 0x014B, 0x016B, 0x00C9, 0xD6FD, 0xC638, 0x0000, 0x0000,
  0x0000, 0x0000, 0x2986, 0xDF1C, 0x4B72, 0x00A9, 0x00C9, 0x1A0D, 0xF7BF, 0xB619, 0x09AC, 0x00E9,
  0x00A9, 0x63F3, 0xDEDB, 0x18E3, 0x0000, 0x0000, 0x0000, 0x0000, 0x0000, 0x2965, 0xC659, 0x9D78,
  0x2A4E, 0x32D0, 0xFFDF, 0xBE39, 0x222E, 0x32AF, 0xA5B9, 0xBE18, 0x2104, 0x0000, 0x0000, 0x0000,
  0x0000, 0x0000, 0x0000, 0x0000, 0x0841, 0x738E, 0xBDF8, 0xC67A, 0xF7DF, 0xDF1C, 0xC63A, 0xBDD7,
  0x632C, 0x0000, 0x0000, 0x0000, 0x0000, 0x0000, 0x0000, 0x0000, 0x0000, 0x0000, 0x0000, 0x0000,
  0x0000, 0x2103, 0x2965, 0x2966, 0x18E3, 0x0000, 0x0000, 0x0000, 0x0000, 0x0000, 0x0000, 0x0000,
};
static const uint8_t MINI_GENERATED_LOGO_MASK_13[] PROGMEM = {
  0x88, 0x47, 0xD0, 0xFF, 0xA2, 0xFF, 0x57, 0xFF, 0xBF, 0xFF, 0xFF, 0xFB, 0xFF, 0xF7, 0xFF, 0xDF,
  0xFF, 0xFF, 0xFF, 0xFF, 0xFF, 0xFF, 0xFF, 0xFF, 0xFF, 0xFF, 0xFF, 0xFE, 0xFF, 0xFD, 0xFF, 0xDF,
  0xFF, 0xAF, 0xFE, 0x5F, 0xF4, 0xBF, 0x20, 0x1E, 0x01,
};

// https://a.espncdn.com/i/teamlogos/mlb/500/wsh.png
static const uint16_t MINI_GENERATED_LOGO_PIXELS_14[] PROGMEM = {
  0x0000, 0x0000, 0x0000, 0x0000, 0x0000, 0x0000, 0x0000, 0x0000, 0x0000, 0x0000, 0x0000, 0x0000,
  0x0000, 0x0000, 0x0023, 0x0001, 0x0000, 0x0000, 0x0000, 0x0000, 0x0000, 0x0000, 0x0000, 0x0000,
  0x0000, 0x0000, 0x0000, 0x0000, 0x0000, 0x0000, 0x0000, 0x4064, 0xB022, 0x6044, 0x0022, 0x0000,
  0x0000, 0x0000, 0x0000, 0x0000, 0x0000, 0x0021, 0x0022, 0x0822, 0x0823, 0x0000, 0x0000, 0x0001,
  0x0000, 0x3044, 0xA821, 0xD800, 0x3844, 0x0000, 0x0000, 0x0000, 0x0000, 0x0843, 0x4044, 0x8023,
  0xA022, 0xA843, 0x1864, 0x0001, 0x3844, 0x7843, 0x3044, 0x0000, 0x1044, 0xC001, 0x8023, 0x0001,
  0x0000, 0x0000, 0x3844, 0xB022, 0xD800, 0xD000, 0xD800, 0x7023, 0x0022, 0x5044, 0xD800, 0xE000,
  0xC021, 0x2043, 0x0000, 0x7843, 0xB021, 0x0022, 0x0000, 0x3044, 0xD000, 0xB821, 0x5844, 0x5065,
  0xB822, 0x0843, 0x1843, 0xC801, 0x8022, 0x5844, 0xD000, 0x6843, 0x0000, 0x5823, 0xB822, 0x0022,
  0x0022, 0x9822, 0x9822, 0x0843, 0x0022, 0x8823, 0x7823, 0x0022, 0x7023, 0xA822, 0x0022, 0x0043,
  0xB821, 0x8022, 0x0021, 0x4823, 0xB022, 0x0022, 0x0023, 0xB001, 0x8843, 0x0022, 0x2823, 0xC821,
  0x1823, 0x0022, 0xB022, 0x5843, 0x0000, 0x0022, 0xB821, 0x7822, 0x0021, 0x5822, 0xA822, 0x0022,
  0x0001, 0x6844, 0xF000, 0x3086, 0x7023, 0x9822, 0x0001, 0x1023, 0xC021, 0x2843, 0x0000, 0x1843,
  0xC801, 0x5823, 0x0000, 0x7823, 0x9022, 0x0001, 0x0000, 0x0822, 0x3844, 0x1065, 0xB821, 0x5043,
  0x0000, 0x2823, 0xB822, 0x2023, 0x0000, 0x4044, 0xD000, 0x1843, 0x0021, 0xA042, 0x6043, 0x0000,
  0x0000, 0x0000, 0x0000, 0x3043, 0xC801, 0x1843, 0x0000, 0x2843, 0xC022, 0x2022, 0x0021, 0x9022,
  0xA022, 0x0022, 0x1843, 0xC022, 0x2043, 0x0000, 0x0000, 0x0000, 0x0000, 0x6043, 0xB022, 0x0022,
  0x0000, 0x1043, 0xC821, 0x3043, 0x1044, 0xD001, 0x4843, 0x0021, 0x7843, 0x9822, 0x0022, 0x0000,
  0x0000, 0x0000, 0x0001, 0x8022, 0xA022, 0x0022, 0x0000, 0x0022, 0xA022, 0x8043, 0x7843, 0xA021,
  0x0043, 0x3844, 0xD000, 0x3044, 0x0000, 0x0000, 0x0000, 0x0000, 0x0001, 0x8022, 0xA022, 0x0022,
  0x0000, 0x0000, 0x3044, 0xC800, 0xC800, 0x3865, 0x4844, 0xD000, 0x7843, 0x0022, 0x0000, 0x0000,
  0x0000, 0x0000, 0x0000, 0x5843, 0xC800, 0x1044, 0x0021, 0x0022, 0x3844, 0xC001, 0xB821, 0xC001,
  0xD001, 0x7843, 0x0023, 0x0000, 0x0000, 0x0000, 0x0000, 0x0000, 0x0000, 0x1043, 0xC021, 0xB801,
  0x7043, 0x9022, 0xD001, 0x5043, 0x1844, 0x4843, 0x2044, 0x0022, 0x0000, 0x0000, 0x0000, 0x0000,
  0x0000, 0x0000, 0x0000, 0x0000, 0x2864, 0xA022, 0xC021, 0x9822, 0x3044, 0x0001, 0x0000, 0x0000,
  0x0000, 0x0000, 0x0000, 0x0000, 0x0000, 0x0000, 0x0000, 0x0000, 0x0000, 0x0000, 0x0000, 0x0022,
  0x0023, 0x0022, 0x0000, 0x0000, 0x0000, 0x0000, 0x0000, 0x0000, 0x0000, 0x0000, 0x0000, 0x0000,
};
static const uint8_t MINI_GENERATED_LOGO_MASK_14[] PROGMEM = {
  0xE0, 0xE9, 0x62, 0xD8, 0x6F, 0x9E, 0x5F, 0xFE, 0xF7, 0xFF, 0xBF, 0xFF, 0xFF, 0xFF, 0xFF, 0xFF,
  0xFF, 0xFE, 0xFF, 0xFF, 0xFB, 0xEE, 0x97, 0xFF, 0xDF, 0xEF, 0x7F, 0xFD, 0xFF, 0xF6, 0xFC, 0xFF,
  0xFF, 0x97, 0xFE, 0x2F, 0xFE, 0x43, 0x80, 0xF3, 0x00,
};

// https://a.espncdn.com/i/teamlogos/ncaa/500/264.png
static const uint16_t MINI_GENERATED_LOGO_PIXELS_15[] PROGMEM = {
  0x0000, 0x0000, 0x0000, 0x0000, 0x0000, 0x0000, 0x0000, 0x0000, 0x0000, 0x0000, 0x0000, 0x0000,
  0x0000, 0x0000, 0x0000, 0x0000, 0x0000, 0x0000, 0x0000, 0x0000, 0x0000, 0x0000, 0x0000, 0x0000,
  0x0000, 0x0000, 0x0000, 0x0000, 0x0000, 0x0000, 0x0000, 0x0000, 0x0000, 0x0000, 0x0000, 0x0000,
  0x0000, 0x0000, 0x0000, 0x0000, 0x0000, 0x0000, 0x0000, 0x0000, 0x0000, 0x0000, 0x0000, 0x0000,
  0x0000, 0x0000, 0x0000, 0x0000, 0x0000, 0x0000, 0x3164, 0x7B4D, 0x6ACC, 0x6ACC, 0x6ACC, 0x6ACC,
  0x7B4D, 0x18C2, 0x5248, 0x730D, 0x730C, 0x1081, 0x62A9, 0x730D, 0x6AAC, 0x6ACC, 0x836D, 0x2943,
  0x4A06, 0x5130, 0x280E, 0x380E, 0x380E, 0x200E, 0x5990, 0x39C5, 0x6A6E, 0x280E, 0x61B0, 0x4205,
  0x626C, 0x300F, 0x380E, 0x200E, 0x5930, 0x41E5, 0x39C5, 0x8B50, 0x490E, 0x280D, 0x300D, 0x516E,
  0x832F, 0x5AA7, 0x598E, 0x200D, 0x408F, 0x5A89, 0x72EB, 0x7250, 0x300D, 0x40EE, 0x8B50, 0x39A4,
  0x0020, 0x18C2, 0x72CD, 0x300E, 0x280D, 0x7ACF, 0x10A2, 0x5248, 0x48CF, 0x280D, 0x300E, 0x6A8D,
  0x0861, 0x7B6C, 0x382F, 0x72CD, 0x18C2, 0x0020, 0x0000, 0x0000, 0x628A, 0x406F, 0x200D, 0x598F,
  0x3184, 0x5A4B, 0x382F, 0x300D, 0x280D, 0x620E, 0x18E3, 0x59ED, 0x404F, 0x628A, 0x0000, 0x0000,
  0x0000, 0x0000, 0x41E6, 0x596F, 0x200D, 0x408F, 0x7B6B, 0x620D, 0x280E, 0x302D, 0x280D, 0x512E,
  0x7B8A, 0x492E, 0x510F, 0x4A06, 0x0000, 0x0000, 0x0000, 0x0000, 0x2102, 0x6A0F, 0x280D, 0x300D,
  0xA431, 0x514E, 0x490F, 0x596F, 0x280D, 0x382D, 0xACB1, 0x386E, 0x6A0F, 0x18C2, 0x0000, 0x0000,
  0x0000, 0x0000, 0x0000, 0x6AAD, 0x300E, 0x280D, 0x6A10, 0x302E, 0x8B30, 0x7ACF, 0x200D, 0x302E,
  0x6A2F, 0x300E, 0x6A8C, 0x0000, 0x0000, 0x0000, 0x0000, 0x0000, 0x0000, 0x628A, 0x406F, 0x280D,
  0x300D, 0x382E, 0x72EC, 0x72CC, 0x300E, 0x300D, 0x280D, 0x40AF, 0x5A89, 0x0000, 0x0000, 0x0000,
  0x0000, 0x0000, 0x0000, 0x41E6, 0x514F, 0x200D, 0x280D, 0x48CF, 0x4A27, 0x5228, 0x408F, 0x280D,
  0x280D, 0x596F, 0x39C5, 0x0000, 0x0000, 0x0000, 0x0000, 0x0000, 0x0000, 0x2103, 0x7250, 0x302E,
  0x302E, 0x6A10, 0x2943, 0x3184, 0x69F1, 0x302E, 0x304F, 0x728F, 0x1081, 0x0000, 0x0000, 0x0000,
  0x0000, 0x0000, 0x0000, 0x0000, 0x62AA, 0x628C, 0x626B, 0x6AEB, 0x0000, 0x1081, 0x6AEB, 0x626B,
  0x6A8C, 0x5A69, 0x0000, 0x0000, 0x0000, 0x0000, 0x0000, 0x0000, 0x0000, 0x0000, 0x0000, 0x0000,
  0x0000, 0x0000, 0x0000, 0x0000, 0x0000, 0x0000, 0x0000, 0x0000, 0x0000, 0x0000, 0x0000, 0x0000,
  0x0000, 0x0000, 0x0000, 0x0000, 0x0000, 0x0000, 0x0000, 0x0000, 0x0000, 0x0000, 0x0000, 0x0000,
  0x0000, 0x0000, 0x0000, 0x0000, 0x0000, 0x0000, 0x0000, 0x0000, 0x0000, 0x0000, 0x0000, 0x0000,
  0x0000, 0x0000, 0x0000, 0x0000, 0x0000, 0x0000, 0x0000, 0x0000, 0x0000, 0x0000, 0x0000, 0x0000,
};
static const uint8_t MINI_GENERATED_LOGO_MASK_15[] PROGMEM = {
  0x00, 0x00, 0xFC, 0xFF, 0x0F, 0x00, 0xC0, 0xFF, 0xFF, 0xFF, 0xFF, 0xFF, 0xFF, 0xFF, 0xFF, 0x7F,
  0xFF, 0xBF, 0xFF, 0xFF, 0xF7, 0xFF, 0xFB, 0xFF, 0x87, 0xFE, 0x5F, 0xFA, 0x7F, 0xE9, 0xFF, 0x85,
  0xFF, 0x13, 0x00, 0x00, 0xF0, 0x3C, 0x00, 0x00, 0x00,
};

// https://a.espncdn.com/i/teamlogos/nhl/500/sj.png
static const uint16_t MINI_GENERATED_LOGO_PIXELS_16[] PROGMEM = {
  0x0000, 0x0000, 0x0000, 0x0000, 0x0000, 0x0000, 0x0000, 0x0000, 0x0000, 0x0000, 0x0000, 0x0000,
  0x0000, 0x0000, 0x0000, 0x0000, 0x0000, 0x0000, 0x0000, 0x0000, 0x0000, 0x0000, 0x0000, 0x0000,
  0x0000, 0x0000, 0x0000, 0x0000, 0x0000, 0x0000, 0x0000, 0x0000, 0x0000, 0x0000, 0x0000, 0x0000,
  0x0000, 0x0000, 0x0000, 0x0000, 0x0000, 0x0841, 0x4208, 0x1082, 0x0000, 0x0000, 0x0000, 0x0000,
  0x0000, 0x0000, 0x0000, 0x0000, 0x0000, 0x0000, 0x0000, 0x0000, 0x0000, 0x0000, 0x0000, 0x0000,
  0x2124, 0x2965, 0x18C3, 0x0000, 0x0000, 0x0000, 0x0000, 0x0000, 0x0000, 0x0000, 0x0000, 0x0000,
  0x0000, 0x0000, 0x0000, 0x0000, 0x0000, 0x0000, 0x0000, 0x18C3, 0x18C3, 0x18C3, 0x0000, 0x0000,
  0x0000, 0x0000, 0x0000, 0x0000, 0x0000, 0x0000, 0x0000, 0x0000, 0x2965, 0x2104, 0x18E3, 0x18E3,
  0x0000, 0x2945, 0x0000, 0x2104, 0x0861, 0x0000, 0x0882, 0x18E3, 0x39C6, 0x1082, 0x0000, 0x0000,
  0x0000, 0x0000, 0x18C3, 0x2124, 0x0861, 0x1082, 0x2124, 0x21A7, 0x0000, 0x0000, 0x4A8A, 0x8CB1,
  0x9D33, 0x9554, 0x3A27, 0x0841, 0x0000, 0x0000, 0x0000, 0x0000, 0x0000, 0x2124, 0x0000, 0x0000,
  0x0020, 0x0000, 0x0020, 0x0000, 0x1882, 0xD6DB, 0xFFFF, 0x740F, 0x31A6, 0x2945, 0x41C5, 0x18C2,
  0x0000, 0x0000, 0x0000, 0x0000, 0x2124, 0x0000, 0x0041, 0x0000, 0x0125, 0x02ED, 0x0166, 0x12AC,
  0x5BCF, 0x0820, 0x1082, 0x3985, 0x8B68, 0x1082, 0x0841, 0x3186, 0x2104, 0x18E3, 0x31A6, 0x0882,
  0x0000, 0x0000, 0x0020, 0x02CD, 0x0453, 0x03D1, 0x030E, 0x00C3, 0x20E4, 0x72E7, 0x3984, 0x0000,
  0x0000, 0x2104, 0x2965, 0x18E3, 0x0841, 0x0000, 0x0000, 0x0000, 0x0000, 0x00C3, 0x026B, 0x03B1,
  0x03F2, 0x034F, 0x5B2B, 0x6AA7, 0x0000, 0x0000, 0x0000, 0x0000, 0x0000, 0x18C3, 0x2124, 0x2945,
  0x18E3, 0x10C4, 0x10E4, 0x0042, 0x0000, 0x11A6, 0x03B1, 0x03D1, 0x4411, 0x3985, 0x0000, 0x0000,
  0x0000, 0x0000, 0x0000, 0x0000, 0x0000, 0x0000, 0x39C6, 0xACCE, 0xCD71, 0x6A86, 0x5A25, 0x5A68,
  0x11E9, 0x034F, 0x03B1, 0x1904, 0x0000, 0x0000, 0x0000, 0x0000, 0x0000, 0x0000, 0x0000, 0x2124,
  0xB595, 0x8BEC, 0x9CD0, 0x73AC, 0x5247, 0x9491, 0x7BCF, 0x29A6, 0x230D, 0x29C7, 0x0000, 0x0000,
  0x0000, 0x0000, 0x0000, 0x0000, 0x18E3, 0xC5B5, 0xAD54, 0x1904, 0x5B8D, 0x3A28, 0x0000, 0x0000,
  0x0841, 0x0841, 0x0820, 0x0000, 0x0000, 0x0000, 0x0000, 0x0000, 0x0000, 0x0000, 0x62C8, 0xA40B,
  0x2924, 0x0000, 0x2965, 0x1081, 0x0000, 0x0000, 0x0000, 0x0000, 0x0000, 0x0000, 0x0000, 0x0000,
  0x0000, 0x0000, 0x0000, 0x0000, 0x0000, 0x0000, 0x0000, 0x0000, 0x0000, 0x0000, 0x0000, 0x0000,
  0x0000, 0x0000, 0x0000, 0x0000, 0x0000, 0x0000, 0x0000, 0x0000, 0x0000, 0x0000, 0x0000, 0x0000,
  0x0000, 0x0000, 0x0000, 0x0000, 0x0000, 0x0000, 0x0000, 0x0000, 0x0000, 0x0000, 0x0000, 0x0000,
};
static const uint8_t MINI_GENERATED_LOGO_MASK_16[] PROGMEM = {
  0xC0, 0x00, 0x80, 0x04, 0x00, 0x2F, 0x00, 0x7F, 0x1F, 0xC0, 0x83, 0xF4, 0xFF, 0xDF, 0xFF, 0x8F,
  0xFE, 0xFF, 0xF0, 0xFF, 0xFF, 0xFF, 0xF7, 0xFF, 0x2F, 0xFE, 0xBF, 0xC6, 0xFF, 0xA2, 0xFF, 0x4B,
  0xBF, 0x0F, 0xDD, 0x01, 0x90, 0xF0, 0x00, 0x0D, 0x00,
};

// https://a.espncdn.com/i/teamlogos/nhl/500/nj.png
static const uint16_t MINI_GENERATED_LOGO_PIXELS_17[] PROGMEM = {
  0x0000, 0x0000, 0x0000, 0x0000, 0x0000, 0x0000, 0x0000, 0x0000, 0x0000, 0x0000, 0x0000, 0x2965,
  0x2104, 0x0861, 0x41E7, 0x1124, 0x0000, 0x0000, 0x0000, 0x0000, 0x0000, 0x0000, 0x0000, 0x0000,
  0x10A2, 0x2965, 0x39C7, 0x3A49, 0x7208, 0x8BAE, 0x4A49, 0x10A2, 0x738E, 0x99C7, 0x5269, 0x0000,
  0x0000, 0x0000, 0x0000, 0x0000, 0x0841, 0x4208, 0x4228, 0x62EB, 0x7C30, 0x7186, 0xE000, 0xA8C3,
  0x89C7, 0x89A6, 0x9124, 0xF000, 0xA1C7, 0x1904, 0x0000, 0x0000, 0x0000, 0x1082, 0x4A49, 0x630C,
  0xD6DB, 0xFFFF, 0xFFFF, 0xB186, 0xF800, 0xF000, 0xE800, 0xE800, 0xF800, 0xF800, 0xA1A6, 0x1904,
  0x0000, 0x0000, 0x0000, 0x4228, 0x6B6D, 0xFFDF, 0xD618, 0xBCF3, 0xEFDF, 0xC514, 0xA924, 0xD800,
  0xF000, 0xE800, 0xC000, 0x99A6, 0x5249, 0x0000, 0x0000, 0x0000, 0x39C7, 0x528A, 0xF7BE, 0xCDD7,
  0xB000, 0xD000, 0xA2CB, 0xFFFF, 0xB596, 0xB800, 0xF000, 0xE800, 0x40E3, 0x4B0C, 0x0000, 0x0000,
  0x0000, 0x0000, 0x39E7, 0xA514, 0xFFDF, 0xA208, 0xF000, 0xF841, 0xD000, 0xAC92, 0xAB2C, 0xE800,
  0xF000, 0xC082, 0xAD75, 0x4A49, 0x10A2, 0x0000, 0x0000, 0x1082, 0x4228, 0xDEFB, 0xDEFB, 0xB820,
  0xF000, 0xE800, 0xF800, 0xB800, 0xB020, 0xF000, 0xE800, 0xAA69, 0xF7FF, 0x5ACB, 0x3186, 0x0000,
  0x0000, 0x18C3, 0x528A, 0xEF9E, 0xB430, 0xD800, 0xF020, 0xE800, 0xE800, 0xF000, 0xF000, 0xF000,
  0xD000, 0xBD34, 0xFFFF, 0x738E, 0x2965, 0x0000, 0x0000, 0x18C3, 0x5269, 0xCEDB, 0xB186, 0xF000,
  0xF800, 0x9861, 0xB820, 0xF800, 0xE800, 0xF000, 0xB0E3, 0xE79E, 0xFFFF, 0x632C, 0x3186, 0x0000,
  0x0000, 0x0000, 0x4A69, 0x7B4D, 0xD020, 0xE820, 0xD800, 0xB4D3, 0xA34D, 0xE800, 0xF020, 0xE000,
  0xAB4D, 0xFFFF, 0xEF3C, 0x4A49, 0x2124, 0x0000, 0x0000, 0x2124, 0x8492, 0x18E3, 0x7A49, 0x8ACB,
  0x7A69, 0x9CB2, 0xB965, 0xE800, 0xF820, 0xC000, 0xC638, 0xFFFF, 0x94B2, 0x4208, 0x0000, 0x0000,
  0x0000, 0x6A49, 0xA145, 0x98C3, 0xD020, 0xD000, 0xD000, 0xD000, 0xF000, 0xF800, 0xD800, 0xA2AA,
  0xFFFF, 0xCE59, 0x4228, 0x3186, 0x0000, 0x0000, 0x10A2, 0x99E7, 0xF000, 0xF800, 0x8820, 0x48C3,
  0xB1A6, 0xD0A2, 0xD061, 0xC0C3, 0xB3CF, 0xEFBE, 0xBDD7, 0x4A49, 0x4208, 0x0000, 0x0000, 0x0000,
  0x1124, 0xB1A6, 0xF800, 0xE800, 0x89E7, 0x6C10, 0x530C, 0x73AE, 0x8C10, 0x9D34, 0x9D55, 0x736D,
  0x4228, 0x4208, 0x0000, 0x0000, 0x0000, 0x0000, 0x10C3, 0x99A6, 0xC0A2, 0x8269, 0x4A08, 0x52AA,
  0x39C7, 0x39E7, 0x4A8A, 0x4A69, 0x39C7, 0x31A6, 0x18C3, 0x0000, 0x0000, 0x0000, 0x0000, 0x0000,
  0x0000, 0x6B0C, 0x4A69, 0x0020, 0x0000, 0x0000, 0x0000, 0x0000, 0x0000, 0x0000, 0x0000, 0x0000,
  0x0000, 0x0000, 0x0000, 0x0000, 0x0000, 0x0000, 0x0000, 0x0861, 0x0000, 0x0000, 0x0000, 0x0000,
  0x0000, 0x0000, 0x0000, 0x0000, 0x0000, 0x0000, 0x0000, 0x0000, 0x0000, 0x0000, 0x0000, 0x0000,
};
static const uint8_t MINI_GENERATED_LOGO_MASK_17[] PROGMEM = {
  0x30, 0xFC, 0x20, 0xFF, 0x47, 0xFF, 0xBF, 0xFE, 0xFF, 0xFE, 0xFF, 0xF5, 0xFF, 0xDB, 0xFF, 0x9F,
  0xFF, 0x7F, 0xFE, 0xFF, 0xF9, 0xFF, 0xC7, 0xFF, 0x9F, 0xFF, 0xBF, 0xFE, 0xFF, 0xFE, 0xFF, 0xF5,
  0xFF, 0xCB, 0xFF, 0x17, 0x0F, 0x20, 0xC8, 0x73, 0x00,
};

// https://a.espncdn.com/i/teamlogos/nhl/500/tb.png
static const uint16_t MINI_GENERATED_LOGO_PIXELS_18[] PROGMEM = {
  0x0000, 0x0000, 0x0000, 0x0000, 0x0000, 0x0000, 0x0000, 0x0000, 0x0000, 0x0000, 0x0000, 0x0000,
  0x0000, 0x0841, 0x18E3, 0x18E3, 0x18E3, 0x0000, 0x0000, 0x0000, 0x0000, 0x0000, 0x0000, 0x0000,
  0x0000, 0x0000, 0x0020, 0x0020, 0x18C3, 0x4A69, 0xA514, 0x9CF3, 0x4A8B, 0x2148, 0x0883, 0x0000,
  0x0000, 0x0000, 0x0000, 0x0000, 0x0020, 0x18E3, 0x2965, 0x2945, 0x39C8, 0x8C72, 0x8452, 0x3A2B,
  0x08E8, 0x00AA, 0x00A9, 0x31E9, 0x18C3, 0x0000, 0x0000, 0x0000, 0x0000, 0x2124, 0x2124, 0x0863,
  0x0044, 0x0045, 0x2989, 0x08C8, 0x00CB, 0x00EC, 0x00ED, 0x00C9, 0x73CF, 0xA514, 0x18C3, 0x0000,
  0x0000, 0x0020, 0x2945, 0x10C3, 0x0044, 0x0044, 0x0883, 0xBDD7, 0x6B90, 0x00CA, 0x00CB, 0x00CB,
  0x2189, 0xA535, 0x00A9, 0x3A2B, 0xDEDB, 0x1082, 0x0000, 0x2965, 0x08A3, 0x0045, 0x10A3, 0x2124,
  0xB5B6, 0x8452, 0x00AA, 0x00CB, 0x00CB, 0x00A9, 0x08C8, 0x2168, 0x4AAD, 0x00CB, 0x4A8C, 0xB5B6,
  0x2965, 0x10C4, 0x0045, 0x2125, 0x2945, 0x4208, 0x6B6E, 0x00AA, 0x00CC, 0x00CB, 0x00CB, 0x00CB,
  0x2189, 0x52AA, 0xDEDB, 0x08C8, 0x00AA, 0xCE59, 0x3186, 0x0045, 0x18E4, 0x2965, 0x0000, 0x31A7,
  0x08C7, 0x00A9, 0x00CB, 0x00EC, 0x00AA, 0x6B8F, 0xD69A, 0x2124, 0x528A, 0x424C, 0x00EC, 0x6B90,
  0x10A4, 0x0065, 0x31A6, 0x0000, 0x0000, 0x9492, 0x94B3, 0x00A9, 0x00CB, 0x00C8, 0xA515, 0xA534,
  0x0841, 0x0000, 0x6B4D, 0x31EB, 0x00EC, 0x5AEE, 0x0085, 0x0065, 0x4A69, 0x0041, 0xA514, 0x94D3,
  0x00A9, 0x00EC, 0x00A9, 0x31EA, 0x39E8, 0x0000, 0x0000, 0x1082, 0xDEFB, 0x00A8, 0x00CC, 0x94B3,
  0x2989, 0x00A7, 0xAD75, 0x4A69, 0x634E, 0x00AA, 0x00CB, 0x00CB, 0x00AA, 0x2168, 0x18E3, 0x0000,
  0x0862, 0xD69A, 0x4A8C, 0x00EC, 0x00A8, 0xDEFB, 0x7BF0, 0x00AA, 0x73B0, 0xC638, 0x08C8, 0x00CB,
  0x00EC, 0x00A9, 0x7C11, 0xB5B6, 0x2104, 0x4A49, 0xDEFB, 0x4AAD, 0x00CB, 0x00AA, 0x8C93, 0x6B4D,
  0xAD75, 0x1108, 0x00CB, 0x634F, 0x2169, 0x00CB, 0x1969, 0xDEFB, 0x8410, 0x6B6D, 0xDEFB, 0x94D3,
  0x1108, 0x00EC, 0x00AA, 0x634E, 0xB5B6, 0x0000, 0x31A6, 0xCE59, 0x1109, 0x00CC, 0x00AA, 0x31EB,
  0x5B2E, 0x5B0E, 0x4A8C, 0x298A, 0x00A8, 0x00CB, 0x00EC, 0x00C8, 0x94D3, 0xB5B6, 0x0841, 0x0000,
  0x0020, 0x4208, 0x4AAD, 0x00A8, 0x8C72, 0x08C8, 0x00CC, 0x00CB, 0x00CB, 0x00EC, 0x00CA, 0x08E8,
  0x636F, 0xDEFB, 0x630C, 0x0000, 0x0000, 0x0000, 0x0020, 0x0883, 0x08A6, 0x632C, 0x6B6D, 0x94D4,
  0x6BB0, 0x52EE, 0x5B2E, 0x94B3, 0xD6BA, 0xBDD7, 0x528A, 0x0841, 0x0000, 0x0000, 0x0000, 0x0000,
  0x0020, 0x10A3, 0x2945, 0x2945, 0x0000, 0x0841, 0x0861, 0x0861, 0x0861, 0x0861, 0x0000, 0x0000,
  0x0000, 0x0000, 0x0000, 0x0000, 0x0000, 0x0000, 0x0000, 0x0000, 0x0000, 0x0000, 0x0000, 0x0000,
  0x0000, 0x0000, 0x0000, 0x0000, 0x0000, 0x0000, 0x0000, 0x0000, 0x0000, 0x0000, 0x0000, 0x0000,
};
static const uint8_t MINI_GENERATED_LOGO_MASK_18[] PROGMEM = {
  0xF0, 0xFF, 0xF3, 0xFF, 0xEF, 0xFF, 0xFF, 0xFF, 0xFF, 0xFF, 0xFF, 0xFF, 0xFF, 0xFF, 0xFF, 0xFF,
  0xFF, 0xFF, 0xFF, 0xFF, 0xFF, 0xFF, 0xFF, 0xFF, 0xFF, 0xFF, 0xFF, 0xFF, 0xFF, 0xFF, 0xFF, 0xFF,
  0xFF, 0xFF, 0xFF, 0x7F, 0xFF, 0xFF, 0xFC, 0xFF, 0x00,
};

// https://a.espncdn.com/i/teamlogos/nhl/500/la.png
static const uint16_t MINI_GENERATED_LOGO_PIXELS_19[] PROGMEM = {
  0x0000, 0x0000, 0x0000, 0x0000, 0x0000, 0x0000, 0x0000, 0x0000, 0x0000, 0x0000, 0x0000, 0x0000,
  0x0000, 0x0000, 0x0000, 0x0000, 0x0000, 0x0000, 0x0000, 0x0000, 0x0000, 0x0000, 0x0000, 0x0000,
  0x0000, 0x0000, 0x0000, 0x0000, 0x0000, 0x0000, 0x0000, 0x0000, 0x0000, 0x0000, 0x0000, 0x0000,
  0x0000, 0x0000, 0x0000, 0x0000, 0x0000, 0x0000, 0x0000, 0x0000, 0x0000, 0x0000, 0x0000, 0x0000,
  0x0000, 0x0000, 0x0000, 0x0000, 0x0000, 0x0000, 0x0000, 0x0000, 0x0000, 0x0000, 0x0000, 0x1082,
  0x2945, 0x2945, 0x2124, 0x2945, 0x2945, 0x2945, 0x1082, 0x0000, 0x0000, 0x0000, 0x0000, 0x0000,
  0x0000, 0x0000, 0x0000, 0x0000, 0x0000, 0x528A, 0xAD96, 0x8CB2, 0x94D3, 0x94B2, 0x8C92, 0xA535,
  0x5ACB, 0x0000, 0x0000, 0x0000, 0x0000, 0x0000, 0x0000, 0x0000, 0x10A2, 0x6B8E, 0x632C, 0x8C92,
  0x94D3, 0x7BF0, 0x8451, 0x73AE, 0x73CF, 0x8C92, 0x8C92, 0x6B4D, 0x632C, 0x6B6D, 0x52AA, 0x0000,
  0x0000, 0x0000, 0x5AEC, 0xA534, 0x634D, 0x73CF, 0x632C, 0x636D, 0x52CB, 0x6BAE, 0x6B8E, 0x6B6E,
  0x5B0C, 0x7C30, 0x6B6D, 0x8C92, 0x73CF, 0x0000, 0x0000, 0x0000, 0x94B2, 0x632D, 0x2965, 0x8451,
  0x52CB, 0x6B8E, 0x39E7, 0x5AEB, 0x528A, 0x52CB, 0x94B3, 0x4208, 0x5AEC, 0xA555, 0x2965, 0x0000,
  0x0000, 0x18E3, 0xAD76, 0x4208, 0x2965, 0x8471, 0x528A, 0x7C10, 0x4A49, 0x4A69, 0x4A8A, 0x5B0C,
  0x528A, 0x8451, 0x31A6, 0x8C92, 0x0020, 0x0000, 0x0000, 0x630C, 0x94F3, 0x4A8A, 0x6B6D, 0x5AEB,
  0x52CB, 0x6B8E, 0x5AEB, 0x5ACB, 0x632C, 0x4A6A, 0x52AB, 0x634D, 0x6B8E, 0x5AEC, 0x0000, 0x0000,
  0x0000, 0x738E, 0x94B3, 0x8451, 0x8C72, 0x94B2, 0x9D14, 0x94F4, 0x94F3, 0x9CF4, 0x9D35, 0x8C92,
  0x9D14, 0x73CF, 0x94B3, 0x2965, 0x0000, 0x0000, 0x0000, 0x0000, 0x0000, 0x0000, 0x0000, 0x5AEB,
  0xC67A, 0x8451, 0x5B0C, 0x52CB, 0x8471, 0xBE39, 0x630C, 0x0000, 0x0000, 0x0000, 0x0000, 0x0000,
  0x0000, 0x0000, 0x0000, 0x0000, 0x0000, 0x2124, 0x8C92, 0xAD76, 0x6B8E, 0x6B8E, 0xAD96, 0x8C92,
  0x2124, 0x0000, 0x0000, 0x0000, 0x0000, 0x0000, 0x0000, 0x0000, 0x0000, 0x0000, 0x0000, 0x0000,
  0x0000, 0x39E7, 0x8C92, 0x8C92, 0x39E7, 0x0000, 0x0000, 0x0000, 0x0000, 0x0000, 0x0000, 0x0000,
  0x0000, 0x0000, 0x0000, 0x0000, 0x0000, 0x0000, 0x0000, 0x0000, 0x0000, 0x0000, 0x0000, 0x0000,
  0x0000, 0x0000, 0x0000, 0x0000, 0x0000, 0x0000, 0x0000, 0x0000, 0x0000, 0x0000, 0x0000, 0x0000,
  0x0000, 0x0000, 0x0000, 0x0000, 0x0000, 0x0000, 0x0000, 0x0000, 0x0000, 0x0000, 0x0000, 0x0000,
  0x0000, 0x0000, 0x0000, 0x0000, 0x0000, 0x0000, 0x0000, 0x0000, 0x0000, 0x0000, 0x0000, 0x0000,
  0x0000, 0x0000, 0x0000, 0x0000, 0x0000, 0x0000, 0x0000, 0x0000, 0x0000, 0x0000, 0x0000, 0x0000,
  0x0000, 0x0000, 0x0000, 0x0000, 0x0000, 0x0000, 0x0000, 0x0000, 0x0000, 0x0000, 0x0000, 0x0000,
};
static const uint8_t MINI_GENERATED_LOGO_MASK_19[] PROGMEM = {
  0x00, 0x00, 0x80, 0x7F, 0x00, 0x00, 0x00, 0xFF, 0x3F, 0xE0, 0x1F, 0xF6, 0xFF, 0xFF, 0xFF, 0xBF,
  0xFF, 0x7F, 0xFE, 0xFF, 0xF9, 0xFF, 0xF7, 0xFF, 0xEF, 0xFF, 0xBF, 0xE0, 0x1F, 0x7C, 0xBF, 0x03,
  0x32, 0x01, 0x30, 0x03, 0x00, 0x03, 0x00, 0x00, 0x00,
};

// https://a.espncdn.com/i/teamlogos/nhl/500/vgs.png
static const uint16_t MINI_GENERATED_LOGO_PIXELS_20[] PROGMEM = {
  0x0000, 0x0000, 0x0000, 0x0000, 0x0000, 0x0000, 0x0000, 0x0000, 0x0861, 0x0861, 0x0000, 0x0000,
  0x0000, 0x0000, 0x0000, 0x0000, 0x0000, 0x0000, 0x0000, 0x0000, 0x0861, 0x5289, 0x5A88, 0x5AA8,
  0x5247, 0x5ACA, 0x8C2D, 0x634B, 0x5AA9, 0x5268, 0x5A88, 0x5A88, 0x5288, 0x1082, 0x0000, 0x0000,
  0x0000, 0x0000, 0x2944, 0x942C, 0x4A05, 0x4A06, 0x8BEC, 0xD5F1, 0xB4CC, 0x4248, 0x8BEB, 0x7B68,
  0x4A26, 0x4A06, 0x8BEB, 0x3185, 0x0000, 0x0000, 0x0000, 0x0000, 0x2124, 0x6B29, 0x0000, 0x4208,
  0xB50E, 0xB48A, 0xA46A, 0x3A28, 0x21A7, 0x5AC8, 0x39A4, 0x0001, 0x6AE8, 0x2965, 0x0000, 0x0000,
  0x0000, 0x0000, 0x2124, 0x734A, 0x10A3, 0xA4AE, 0xBCEB, 0xB4AB, 0xA44A, 0x4248, 0x31E8, 0x3208,
  0x62E8, 0x18A2, 0x6B09, 0x2965, 0x0000, 0x0000, 0x0000, 0x0000, 0x2124, 0x6B09, 0x31A6, 0xBD0D,
  0xB4AA, 0xB4AB, 0x9C4A, 0x4248, 0x29C8, 0x29C8, 0x6B49, 0x2943, 0x62E8, 0x2965, 0x0000, 0x0000,
  0x0000, 0x0000, 0x2124, 0x6AE9, 0x4207, 0xB4ED, 0xAC6A, 0xA46B, 0x8BEA, 0x4248, 0x5AE9, 0x940A,
  0xB4EC, 0x3164, 0x62E8, 0x2965, 0x0000, 0x0000, 0x0000, 0x0000, 0x2124, 0x6AE9, 0x4207, 0x9C6C,
  0x41C4, 0x8388, 0x9C2A, 0x7B89, 0x8BA8, 0x4A26, 0xACAE, 0x3164, 0x62E8, 0x2965, 0x0000, 0x0000,
  0x0000, 0x0000, 0x2124, 0x6B09, 0x39E7, 0xACCD, 0x3163, 0x2104, 0xACCD, 0x9C09, 0x18C2, 0x4208,
  0xACCD, 0x2923, 0x6AE8, 0x2965, 0x0000, 0x0000, 0x0000, 0x0000, 0x2124, 0x6AE9, 0x4207, 0xB4ED,
  0x6AC7, 0x10A3, 0xA48E, 0x93E9, 0x0882, 0x83AC, 0x83CA, 0x2943, 0x62E8, 0x2965, 0x0000, 0x0000,
  0x0000, 0x0000, 0x2124, 0x6AE9, 0x4207, 0xB4ED, 0x93C9, 0x10A2, 0x738B, 0x6AC7, 0x1904, 0x944D,
  0x5AE9, 0x3164, 0x62E8, 0x2965, 0x0000, 0x0000, 0x0000, 0x0000, 0x2124, 0x62E8, 0x4227, 0xC54E,
  0xA46A, 0x41C5, 0x2945, 0x2123, 0x5288, 0x83CC, 0x4A88, 0x39A4, 0x62C8, 0x2965, 0x0000, 0x0000,
  0x0000, 0x0000, 0x2124, 0x83AB, 0x10C3, 0x93EA, 0xC52C, 0x7307, 0x10A2, 0x1082, 0x83EC, 0x632A,
  0x62C8, 0x18A2, 0x7B6A, 0x2965, 0x0000, 0x0000, 0x0000, 0x0000, 0x0020, 0x736B, 0x62A7, 0x0881,
  0x8368, 0xAC8B, 0x2103, 0x3186, 0xACCE, 0x5AA7, 0x18A2, 0x5A87, 0x7B6B, 0x0020, 0x0000, 0x0000,
  0x0000, 0x0000, 0x0000, 0x0000, 0x736B, 0x7349, 0x10A2, 0x4A05, 0x3184, 0x39C6, 0x5247, 0x10A2,
  0x7329, 0x736B, 0x0000, 0x0000, 0x0000, 0x0000, 0x0000, 0x0000, 0x0000, 0x0000, 0x0000, 0x5288,
  0x8BEC, 0x41E5, 0x10A2, 0x10A2, 0x39C5, 0x8BEC, 0x5A88, 0x0000, 0x0000, 0x0000, 0x0000, 0x0000,
  0x0000, 0x0000, 0x0000, 0x0000, 0x0000, 0x0000, 0x18C3, 0x7B6B, 0x7B8A, 0x7B8A, 0x7B8B, 0x18C3,
  0x0000, 0x0000, 0x0000, 0x0000, 0x0000, 0x0000, 0x0000, 0x0000, 0x0000, 0x0000, 0x0000, 0x0000,
  0x0000, 0x0000, 0x2104, 0x2104, 0x0000, 0x0000, 0x0000, 0x0000, 0x0000, 0x0000, 0x0000, 0x0000,
};
static const uint8_t MINI_GENERATED_LOGO_MASK_20[] PROGMEM = {
  0x00, 0x03, 0xF4, 0xFF, 0xDB, 0xFF, 0x6F, 0xFF, 0xBF, 0xFD, 0xFF, 0xF6, 0xFF, 0xDB, 0xFF, 0x6F,
  0xFF, 0xBF, 0xFD, 0xFF, 0xF6, 0xFF, 0xDB, 0xFF, 0x6F, 0xFF, 0xBF, 0xFD, 0xFF, 0xFA, 0xFF, 0x07,
  0xFF, 0x13, 0xFB, 0x37, 0xD0, 0x6F, 0x80, 0x4C, 0x00,
};

// https://a.espncdn.com/i/teamlogos/nhl/500/utah.png
static const uint16_t MINI_GENERATED_LOGO_PIXELS_21[] PROGMEM = {
  0x0000, 0x0000, 0x0000, 0x0000, 0x0000, 0x0000, 0x0000, 0x0000, 0x0000, 0x0000, 0x0000, 0x0000,
  0x0000, 0x0000, 0x0000, 0x0000, 0x0000, 0x0000, 0x0000, 0x0000, 0x0000, 0x0000, 0x0000, 0x0000,
  0x0000, 0x0000, 0x0000, 0x0000, 0x0000, 0x0000, 0x0000, 0x0000, 0x0000, 0x0000, 0x0000, 0x0000,
  0x0000, 0x0000, 0x0000, 0x0000, 0x0000, 0x0000, 0x0000, 0x0000, 0x0861, 0x0000, 0x0000, 0x0000,
  0x0000, 0x0000, 0x0000, 0x0000, 0x0000, 0x0000, 0x0000, 0x0000, 0x0000, 0x0000, 0x0000, 0x0000,
  0x0861, 0x21A8, 0x2A0A, 0x1967, 0x0000, 0x0000, 0x0000, 0x0000, 0x0000, 0x0000, 0x0000, 0x0000,
  0x0000, 0x0000, 0x0000, 0x0000, 0x10C4, 0x29EA, 0x21EA, 0x63D1, 0xCE9A, 0x73D0, 0x220A, 0x21C9,
  0x0000, 0x0000, 0x0000, 0x0000, 0x0000, 0x0000, 0x0000, 0x0000, 0x0000, 0x21C8, 0x326C, 0x73F1,
  0x52EC, 0x42EE, 0x6413, 0xA5B8, 0xA534, 0x52ED, 0x21C9, 0x0000, 0x0000, 0x0000, 0x0000, 0x0000,
  0x0020, 0x10E4, 0x2A2A, 0x2A0A, 0x4330, 0xDFDF, 0x9CD2, 0x0000, 0x2145, 0x73CF, 0xE75D, 0xFFDE,
  0x5B4E, 0x1988, 0x1946, 0x0861, 0x0000, 0x0000, 0x0861, 0x430F, 0x2167, 0x0020, 0x08A2, 0x52EC,
  0x10C3, 0x4AED, 0xEF7E, 0x738D, 0x2166, 0xC639, 0xBDD6, 0x29E9, 0x324B, 0x326C, 0x0061, 0x0000,
  0x0000, 0x0020, 0x21C9, 0x324B, 0x0041, 0x0000, 0x10C3, 0x9D35, 0xFFFF, 0xFFBE, 0x52EB, 0x1126,
  0xB5F8, 0x3A6A, 0x10E4, 0x324A, 0x3A6B, 0x0000, 0x0000, 0x0000, 0x0000, 0x3AAD, 0x2A0A, 0x0041,
  0x0020, 0x29C8, 0x7495, 0x8CF5, 0x736D, 0x0020, 0x84D6, 0x8452, 0x1126, 0x3A2A, 0x6BD1, 0x08C4,
  0x0000, 0x0000, 0x0000, 0x0000, 0x1926, 0x324B, 0x1925, 0x0000, 0x0000, 0x00C5, 0xBEBD, 0xB575,
  0x3A6B, 0x8452, 0x1147, 0x42CD, 0x8472, 0x1105, 0x0000, 0x0000, 0x0000, 0x0000, 0x0000, 0x1082,
  0x4350, 0x1946, 0x0882, 0x0861, 0x328C, 0xC6FE, 0xD6DB, 0x8C51, 0x6BAF, 0xB5B6, 0x6BF0, 0x0083,
  0x0000, 0x0000, 0x0000, 0x0000, 0x0000, 0x0000, 0x0041, 0x1105, 0x2A0A, 0x326C, 0x2A0A, 0x1126,
  0x5BB1, 0x9536, 0xAD97, 0x7411, 0x21A8, 0x0000, 0x0000, 0x0000, 0x0000, 0x0000, 0x0000, 0x0000,
  0x0000, 0x1967, 0x21A8, 0x2167, 0x2A0A, 0x4ACC, 0x4ACC, 0x1967, 0x1147, 0x08A4, 0x0000, 0x0000,
  0x0000, 0x0000, 0x0000, 0x0000, 0x0000, 0x0000, 0x0041, 0x324B, 0x29C9, 0x21A8, 0x3A4A, 0x42ED,
  0x322A, 0x10A2, 0x0000, 0x0000, 0x0000, 0x0000, 0x0000, 0x0000, 0x0000, 0x0000, 0x0000, 0x0000,
  0x0000, 0x0000, 0x0000, 0x10C3, 0x10E4, 0x0062, 0x0000, 0x0000, 0x0000, 0x0000, 0x0000, 0x0000,
  0x0000, 0x0000, 0x0000, 0x0000, 0x0000, 0x0000, 0x0000, 0x0000, 0x0000, 0x0000, 0x0000, 0x0000,
  0x0000, 0x0000, 0x0000, 0x0000, 0x0000, 0x0000, 0x0000, 0x0000, 0x0000, 0x0000, 0x0000, 0x0000,
  0x0000, 0x0000, 0x0000, 0x0000, 0x0000, 0x0000, 0x0000, 0x0000, 0x0000, 0x0000, 0x0000, 0x0000,
};
static const uint8_t MINI_GENERATED_LOGO_MASK_21[] PROGMEM = {
  0x00, 0x01, 0x00, 0x1B, 0x00, 0x93, 0x00, 0xF2, 0x05, 0xF6, 0xEF, 0xE0, 0x7F, 0xF4, 0xFF, 0xEF,
  0xFF, 0xFF, 0xFE, 0xFF, 0xE5, 0xFF, 0x6F, 0xFF, 0x3F, 0xFA, 0xFF, 0xF0, 0xFF, 0x81, 0xFE, 0x0B,
  0xFE, 0x13, 0x80, 0x33, 0x80, 0x30, 0x00, 0x3C, 0x00,
};

// https://a.espncdn.com/i/teamlogos/ncaa/500/25.png
static const uint16_t MINI_GENERATED_LOGO_PIXELS_22[] PROGMEM = {
  0x0000, 0x0000, 0x0000, 0x0000, 0x0000, 0x0000, 0x0000, 0x0000, 0x0000, 0x0000, 0x0000, 0x0000,
  0x0000, 0x0000, 0x0000, 0x0000, 0x0000, 0x0000, 0x0000, 0x0000, 0x0000, 0x0000, 0x0000, 0x0000,
  0x2124, 0x5AEB, 0x5AEB, 0x5AEB, 0x10A2, 0x0000, 0x0000, 0x0000, 0x0000, 0x0000, 0x0000, 0x0000,
  0x0000, 0x0000, 0x0000, 0x0000, 0x2104, 0xB5B6, 0x94B2, 0x1947, 0x00A5, 0x2146, 0x8C51, 0x0000,
  0x0000, 0x0000, 0x0000, 0x10A2, 0x10A2, 0x10A2, 0x0000, 0x0000, 0x0000, 0x52AA, 0xDEFB, 0x31E9,
  0x00C7, 0x08C6, 0x1105, 0x00A6, 0x8C51, 0x0000, 0x0000, 0x0000, 0x73AE, 0xD6BA, 0x4A8B, 0xAD96,
  0x0000, 0x0000, 0x5AEB, 0xCE79, 0x08E6, 0x0109, 0x2188, 0x6B6E, 0x00A5, 0x08C5, 0x8C51, 0x0000,
  0x0000, 0x9492, 0x738E, 0x00C6, 0x0108, 0x52EC, 0x0000, 0x31A6, 0xD69A, 0x08E6, 0x0109, 0x1927,
  0xDEFB, 0x0084, 0x0085, 0x5ACB, 0x2965, 0x0000, 0x4228, 0xB596, 0x00C6, 0x00C6, 0x08E6, 0x94B3,
  0x0020, 0xD69A, 0x1947, 0x0109, 0x00C6, 0xD69A, 0x39C7, 0x52AA, 0x52AA, 0x52AA, 0x0000, 0x0020,
  0xDEFB, 0x1106, 0x00C7, 0x2167, 0x0085, 0x5AEB, 0x4228, 0x7C10, 0x00E8, 0x00E8, 0x52AC, 0x8430,
  0x0021, 0x73AE, 0x73AE, 0x8431, 0x8C92, 0x9CD3, 0x8C72, 0x00E8, 0x1106, 0x08C6, 0x2987, 0x4208,
  0x8410, 0x1106, 0x0109, 0x00C6, 0xCE79, 0x1082, 0xCE79, 0x634E, 0x00C6, 0x08C6, 0x00C7, 0x1947,
  0x2188, 0x00E8, 0x00C6, 0x08C4, 0x630C, 0x0020, 0x8C51, 0x00C6, 0x0109, 0x0906, 0x9492, 0x8C51,
  0x6BAF, 0x00E8, 0x10E6, 0x3A09, 0x0109, 0x634E, 0x08E6, 0x0109, 0x08C6, 0x738E, 0x2124, 0x0000,
  0x8430, 0x00C6, 0x0108, 0x1106, 0x9CF3, 0xDEFB, 0x00C6, 0x00E7, 0xDEFB, 0x00C6, 0x00C6, 0xDEFB,
  0x00C6, 0x00E8, 0xA555, 0x630C, 0x0000, 0x0000, 0x8C71, 0x08E6, 0x0109, 0x00C7, 0x52AB, 0x1947,
  0x0109, 0x00C6, 0x1947, 0x0109, 0x1947, 0x3A2A, 0x00C7, 0x0108, 0x7BF0, 0x8430, 0x10A2, 0x0000,
  0x528A, 0x9CF4, 0x08E6, 0x00C7, 0x00A6, 0x29C8, 0x1106, 0x00C7, 0x08E6, 0x00C6, 0x00C6, 0x1106,
  0x8452, 0x08E6, 0x00C6, 0x426B, 0xB5B7, 0x0841, 0x4228, 0xC638, 0x94B3, 0x1947, 0x08E6, 0x1106,
  0x08E6, 0x00C6, 0x1927, 0x1126, 0x1106, 0x3209, 0x3A4A, 0x3209, 0x00C6, 0x0108, 0x6B8E, 0x0841,
  0x39C7, 0x08E6, 0x00E7, 0x00E8, 0x00E8, 0x00E8, 0x00E8, 0x00E8, 0x00E8, 0x00E8, 0x0108, 0x0109,
  0x0108, 0x00E8, 0x00C6, 0x5AED, 0xDEFB, 0x0841, 0x2125, 0x2167, 0x73AF, 0xAD76, 0xC639, 0xC639,
  0xBDD7, 0xAD55, 0x9CD3, 0x8431, 0x73AF, 0x634E, 0x6B6E, 0x9CF4, 0xDEFB, 0x8430, 0x0861, 0x0000,
  0x2945, 0x2945, 0x2945, 0x0841, 0x0000, 0x0000, 0x0000, 0x0000, 0x0020, 0x0841, 0x0841, 0x0841,
  0x0841, 0x0841, 0x0000, 0x0000, 0x0000, 0x0000, 0x0000, 0x0000, 0x0000, 0x0000, 0x0000, 0x0000,
  0x0000, 0x0000, 0x0000, 0x0000, 0x0000, 0x0000, 0x0000, 0x0000, 0x0000, 0x0000, 0x0000, 0x0000,
};
static const uint8_t MINI_GENERATED_LOGO_MASK_22[] PROGMEM = {
  0xF0, 0xC7, 0xF3, 0xFF, 0xEF, 0xFF, 0xFF, 0xFF, 0xFF, 0xFF, 0xFF, 0xFF, 0xFF, 0xFF, 0xFF, 0xFF,
  0xFF, 0xFF, 0xFF, 0xFF, 0xFF, 0xFF, 0xFF, 0xFF, 0xFF, 0xFF, 0xFF, 0xFF, 0xFF, 0xFF, 0xFF, 0xFF,
  0xFF, 0xFF, 0xFF, 0xFF, 0xFF, 0xFF, 0xFD, 0xFF, 0x07,
};

// https://a.espncdn.com/i/teamlogos/ncaa/500/194.png
static const uint16_t MINI_GENERATED_LOGO_PIXELS_23[] PROGMEM = {
  0x0000, 0x0000, 0x0000, 0x0000, 0x0000, 0x0000, 0x10A2, 0x2165, 0x2145, 0x2145, 0x2165, 0x18C3,
  0x0000, 0x0000, 0x0000, 0x0000, 0x0000, 0x0000, 0x0000, 0x0000, 0x0000, 0x0000, 0x0000, 0x1904,
  0x5AEB, 0x61E8, 0x61C8, 0x61E8, 0x61C8, 0x5ACB, 0x2145, 0x0000, 0x0000, 0x0000, 0x0000, 0x0000,
  0x0000, 0x0000, 0x0000, 0x0000, 0x2124, 0x5AEC, 0x7844, 0xB804, 0xB805, 0xB804, 0xB804, 0x8023,
  0x52AB, 0x2165, 0x0000, 0x0000, 0x0000, 0x0000, 0x0000, 0x0000, 0x0000, 0x1904, 0x5ACC, 0x7844,
  0xC045, 0xB045, 0x9044, 0x9044, 0xA825, 0xC866, 0x8023, 0x5AAB, 0x2124, 0x0000, 0x0000, 0x0000,
  0x0000, 0x0000, 0x0000, 0x3208, 0x6926, 0xC005, 0xB045, 0x6146, 0x528A, 0x528A, 0x6187, 0xA824,
  0xC825, 0x70E5, 0x3A49, 0x0000, 0x0000, 0x0000, 0x0000, 0x0000, 0x0000, 0x3208, 0x7967, 0xC005,
  0x7064, 0x3A69, 0x0861, 0x0841, 0x3A49, 0x68A4, 0xC825, 0x8106, 0x3A49, 0x0000, 0x0000, 0x0000,
  0x0000, 0x18C3, 0x4208, 0x4A8A, 0x2883, 0x2000, 0x0800, 0x0000, 0x0000, 0x0000, 0x0000, 0x0800,
  0x2000, 0x2862, 0x4A8A, 0x4208, 0x18E4, 0x0000, 0x18C3, 0x4229, 0x1904, 0x0000, 0x0000, 0x0000,
  0x0000, 0x0000, 0x0000, 0x0000, 0x0000, 0x0000, 0x0000, 0x0000, 0x0000, 0x18E3, 0x4229, 0x10A3,
  0x0000, 0x0000, 0x0000, 0x0000, 0x0000, 0x0000, 0x0000, 0x0000, 0x0000, 0x0000, 0x0000, 0x0000,
  0x0000, 0x0000, 0x0000, 0x0000, 0x0000, 0x0000, 0x0000, 0x0000, 0x0000, 0x0000, 0x0000, 0x0000,
  0x0000, 0x0000, 0x0000, 0x0000, 0x0000, 0x0000, 0x0000, 0x0000, 0x0000, 0x0000, 0x0000, 0x0000,
  0x0000, 0x0000, 0x0000, 0x0000, 0x0000, 0x0000, 0x0000, 0x0000, 0x0000, 0x0000, 0x0000, 0x0000,
  0x0000, 0x0000, 0x0000, 0x0000, 0x0000, 0x0000, 0x0000, 0x0000, 0x0000, 0x0000, 0x0000, 0x0800,
  0x1821, 0x10A2, 0x0000, 0x0000, 0x1082, 0x1841, 0x0800, 0x0000, 0x0000, 0x0000, 0x0000, 0x0000,
  0x0000, 0x0000, 0x0000, 0x10E3, 0x4063, 0xA825, 0x8085, 0x4AEB, 0x1082, 0x0861, 0x4ACB, 0x78C5,
  0xB025, 0x4843, 0x18E3, 0x0000, 0x0000, 0x0000, 0x0000, 0x0000, 0x0841, 0x638E, 0x6926, 0xC825,
  0xB045, 0x6126, 0x52AB, 0x52AA, 0x5966, 0xA824, 0xC845, 0x70C5, 0x6BEF, 0x18E4, 0x0000, 0x0000,
  0x0000, 0x0000, 0x0000, 0x10A3, 0x52CB, 0x7864, 0xC045, 0xB045, 0x9824, 0x9824, 0xB025, 0xC846,
  0x8044, 0x5ACB, 0x1904, 0x0000, 0x0000, 0x0000, 0x0000, 0x0000, 0x0000, 0x0000, 0x18E3, 0x52CB,
  0x7864, 0xB004, 0xB825, 0xB825, 0xB804, 0x8044, 0x52CB, 0x2145, 0x0000, 0x0000, 0x0000, 0x0000,
  0x0000, 0x0000, 0x0000, 0x0000, 0x0000, 0x18E3, 0x5ACC, 0x61E8, 0x61E8, 0x61E9, 0x61C8, 0x5ACB,
  0x2145, 0x0000, 0x0000, 0x0000, 0x0000, 0x0000, 0x0000, 0x0000, 0x0000, 0x0000, 0x0000, 0x0000,
  0x0862, 0x1924, 0x1904, 0x1904, 0x1924, 0x10A2, 0x0000, 0x0000, 0x0000, 0x0000, 0x0000, 0x0000,
};
static const uint8_t MINI_GENERATED_LOGO_MASK_23[] PROGMEM = {
  0xD0, 0x2F, 0xA0, 0x7F, 0x41, 0xFF, 0x8B, 0xFF, 0x5F, 0xFE, 0xFF, 0xE1, 0xFF, 0xF1, 0xFF, 0xFF,
  0xFF, 0xFF, 0xFF, 0xFF, 0xFF, 0xFF, 0xFF, 0xFF, 0xDF, 0xFF, 0xFF, 0xFF, 0xFF, 0xFF, 0xFF, 0xF7,
  0xFF, 0xFF, 0xFD, 0xCF, 0xE8, 0xDF, 0x5C, 0xBF, 0x0C,
};

// https://a.espncdn.com/i/teamlogos/ncaa/500/204.png
static const uint16_t MINI_GENERATED_LOGO_PIXELS_24[] PROGMEM = {
  0x0000, 0x0000, 0x0000, 0x0000, 0x0000, 0x0000, 0x0000, 0x0000, 0x0000, 0x0000, 0x0000, 0x0000,
  0x0000, 0x0000, 0x0000, 0x0000, 0x0000, 0x0000, 0x0000, 0x0000, 0x0000, 0x0000, 0x0000, 0x0000,
  0x0000, 0x0000, 0x0000, 0x0000, 0x0000, 0x0000, 0x0000, 0x0000, 0x0000, 0x0000, 0x0000, 0x0000,
  0x0000, 0x0000, 0x0000, 0x0000, 0x0000, 0x0000, 0x0000, 0x0000, 0x0000, 0x0000, 0x0000, 0x0000,
  0x0000, 0x0000, 0x0000, 0x0000, 0x0000, 0x0000, 0x0000, 0x0000, 0x0000, 0x0000, 0x0000, 0x0000,
  0x0000, 0x0000, 0x0000, 0x0000, 0x0000, 0x0000, 0x0000, 0x0000, 0x0000, 0x0000, 0x0000, 0x0000,
  0x0000, 0x0000, 0x0000, 0x0000, 0x0000, 0x0000, 0x0000, 0x0800, 0x0000, 0x0000, 0x0000, 0x0000,
  0x0000, 0x0000, 0x0000, 0x0000, 0x0000, 0x0000, 0x0000, 0x0000, 0x0000, 0x3880, 0x7920, 0x7120,
  0x9160, 0xC9E0, 0xC9E0, 0x9960, 0x8940, 0x8140, 0x3880, 0x0000, 0x0000, 0x0000, 0x0000, 0x0000,
  0x0000, 0x0000, 0x0000, 0x3080, 0xB9C0, 0x3060, 0x8140, 0xA180, 0x48C0, 0x7961, 0xD200, 0xFA60,
  0xF240, 0xC1E0, 0x58C0, 0x0800, 0x0000, 0x0000, 0x0000, 0x0000, 0x0000, 0x0000, 0x0800, 0x0800,
  0x0800, 0x0000, 0x0000, 0x51A5, 0x38E2, 0x8120, 0x8120, 0x8940, 0xD200, 0x8940, 0x1020, 0x0000,
  0x0000, 0x0000, 0x0000, 0x0000, 0x0000, 0x0000, 0x50C0, 0x7920, 0x6900, 0x9140, 0xB1A0, 0x8940,
  0x8140, 0xA9A0, 0xD220, 0x9980, 0x0800, 0x0000, 0x0000, 0x0000, 0x0000, 0x0000, 0x0000, 0x0000,
  0x1020, 0x40A0, 0x40A0, 0x38A0, 0xA1A0, 0xD200, 0xE220, 0xDA00, 0x9920, 0x68E0, 0x0000, 0x0000,
  0x0000, 0x0000, 0x0000, 0x0000, 0x0000, 0x0000, 0x0000, 0x0800, 0x2040, 0x58C0, 0x9160, 0x8960,
  0xA980, 0x7982, 0x83EF, 0x10C3, 0x0000, 0x0000, 0x0000, 0x0000, 0x0000, 0x0000, 0x0000, 0x0000,
  0x0000, 0x0000, 0x0800, 0x2040, 0x9980, 0xA1A0, 0x2800, 0x7C10, 0xC618, 0x0020, 0x0000, 0x0000,
  0x0000, 0x0000, 0x0000, 0x0000, 0x0000, 0x0000, 0x0000, 0x0000, 0x0000, 0x0000, 0x2040, 0x60E0,
  0x40E1, 0x8430, 0x18A2, 0x0000, 0x0000, 0x0000, 0x0000, 0x0000, 0x0000, 0x0000, 0x0000, 0x0000,
  0x0000, 0x0000, 0x0000, 0x0000, 0x0000, 0x0000, 0x0820, 0x0000, 0x0000, 0x0000, 0x0000, 0x0000,
  0x0000, 0x0000, 0x0000, 0x0000, 0x0000, 0x0000, 0x0000, 0x0000, 0x0000, 0x0000, 0x0000, 0x0000,
  0x0000, 0x0000, 0x0000, 0x0000, 0x0000, 0x0000, 0x0000, 0x0000, 0x0000, 0x0000, 0x0000, 0x0000,
  0x0000, 0x0000, 0x0000, 0x0000, 0x0000, 0x0000, 0x0000, 0x0000, 0x0000, 0x0000, 0x0000, 0x0000,
  0x0000, 0x0000, 0x0000, 0x0000, 0x0000, 0x0000, 0x0000, 0x0000, 0x0000, 0x0000, 0x0000, 0x0000,
  0x0000, 0x0000, 0x0000, 0x0000, 0x0000, 0x0000, 0x0000, 0x0000, 0x0000, 0x0000, 0x0000, 0x0000,
  0x0000, 0x0000, 0x0000, 0x0000, 0x0000, 0x0000, 0x0000, 0x0000, 0x0000, 0x0000, 0x0000, 0x0000,
};
static const uint8_t MINI_GENERATED_LOGO_MASK_24[] PROGMEM = {
  0x00, 0x00, 0x00, 0x00, 0xC0, 0xFF, 0x80, 0x00, 0x1C, 0xFC, 0x8F, 0xFC, 0xFF, 0xFD, 0xFF, 0x0F,
  0xFE, 0xFF, 0xFE, 0xFF, 0xEB, 0xFF, 0x47, 0xFF, 0x3F, 0xFE, 0xBF, 0xC0, 0x7F, 0x81, 0xFE, 0x06,
  0x04, 0x00, 0xE0, 0x0F, 0x00, 0x00, 0x00, 0x00, 0x00,
};

// https://a.espncdn.com/i/teamlogos/ncaa/500/2815.png
static const uint16_t MINI_GENERATED_LOGO_PIXELS_25[] PROGMEM = {
  0x0000, 0x0000, 0x0000, 0x0000, 0x0000, 0x0000, 0x0000, 0x0000, 0x0000, 0x0000, 0x0000, 0x0000,
  0x0000, 0x0000, 0x0000, 0x0000, 0x0000, 0x0000, 0x0000, 0x0000, 0x0000, 0x0000, 0x0000, 0x0000,
  0x0000, 0x0000, 0x0000, 0x0000, 0x0000, 0x0000, 0x0000, 0x0000, 0x0000, 0x0000, 0x0000, 0x0000,
  0x0000, 0x0000, 0x0000, 0x0000, 0x0000, 0x0000, 0x0000, 0x0020, 0x0840, 0x0841, 0x0840, 0x0840,
  0x0861, 0x0000, 0x0000, 0x0000, 0x0000, 0x0000, 0x0000, 0x0000, 0x0000, 0x0000, 0x1081, 0x20E2,
  0x2944, 0x39A5, 0x41E5, 0x5246, 0x5AA7, 0x62C7, 0x5246, 0x4A26, 0x20E2, 0x0000, 0x0000, 0x0000,
  0x0000, 0x0020, 0x18C2, 0x2944, 0x3185, 0x39C5, 0x39A5, 0x41C5, 0x4A06, 0x39A5, 0x3185, 0x41C5,
  0x62A7, 0x5267, 0x4A06, 0x0000, 0x0000, 0x0000, 0x0840, 0x3164, 0x3165, 0x2924, 0x2924, 0x2924,
  0x3185, 0x39C5, 0x4A06, 0x5A87, 0x3985, 0x3185, 0x7B69, 0x8BEA, 0x39A4, 0x0000, 0x0000, 0x0000,
  0x0000, 0x0820, 0x10A1, 0x2103, 0x2924, 0x2924, 0x2944, 0x39A5, 0x6AE8, 0x62C8, 0x62C8, 0x6AE8,
  0xACCC, 0x942B, 0x942B, 0x2923, 0x0000, 0x0000, 0x0000, 0x0000, 0x0000, 0x0000, 0x18A1, 0x2944,
  0x18E3, 0x4206, 0x39A5, 0x7328, 0x7B89, 0x940B, 0xB4ED, 0x9C4B, 0x9C6B, 0x83CA, 0x3184, 0x0000,
  0x0000, 0x0000, 0x0000, 0x0000, 0x0000, 0x0840, 0x3164, 0x2104, 0x5246, 0x8BEA, 0x8BEA, 0xACCC,
  0xACCC, 0x942A, 0x83CB, 0xACAC, 0x8389, 0x0861, 0x0000, 0x0000, 0x0000, 0x0000, 0x0000, 0x0000,
  0x0861, 0x2924, 0x5246, 0x41C5, 0x940A, 0xACAC, 0xA4CD, 0x4A48, 0x6B4B, 0x7BAB, 0x3163, 0x0000,
  0x0000, 0x0000, 0x0000, 0x0000, 0x0000, 0x0000, 0x0000, 0x18A2, 0x4A06, 0x2104, 0x8BEA, 0xACCB,
  0xB531, 0xB574, 0x8C2D, 0x2944, 0x0000, 0x0000, 0x0000, 0x0000, 0x0000, 0x0000, 0x0000, 0x0000,
  0x0000, 0x0000, 0x39A5, 0x2924, 0x41E6, 0x8BEA, 0xBD2D, 0xBD2D, 0xACCD, 0x1081, 0x0000, 0x0000,
  0x0000, 0x0000, 0x0000, 0x0000, 0x0000, 0x0000, 0x0000, 0x0000, 0x20E2, 0x2944, 0x18C3, 0x18C2,
  0x6B08, 0x942B, 0x41E5, 0x0000, 0x0000, 0x0000, 0x0000, 0x0000, 0x0000, 0x0000, 0x0000, 0x0000,
  0x0000, 0x0000, 0x0861, 0x3165, 0x10A1, 0x0000, 0x0000, 0x0000, 0x0000, 0x0000, 0x0000, 0x0000,
  0x0000, 0x0000, 0x0000, 0x0000, 0x0000, 0x0000, 0x0000, 0x0000, 0x0840, 0x2943, 0x0000, 0x0000,
  0x0000, 0x0000, 0x0000, 0x0000, 0x0000, 0x0000, 0x0000, 0x0000, 0x0000, 0x0000, 0x0000, 0x0000,
  0x0000, 0x0000, 0x0000, 0x0000, 0x0000, 0x0000, 0x0000, 0x0000, 0x0000, 0x0000, 0x0000, 0x0000,
  0x0000, 0x0000, 0x0000, 0x0000, 0x0000, 0x0000, 0x0000, 0x0000, 0x0000, 0x0000, 0x0000, 0x0000,
  0x0000, 0x0000, 0x0000, 0x0000, 0x0000, 0x0000, 0x0000, 0x0000, 0x0000, 0x0000, 0x0000, 0x0000,
  0x0000, 0x0000, 0x0000, 0x0000, 0x0000, 0x0000, 0x0000, 0x0000, 0x0000, 0x0000, 0x0000, 0x0000,
};
static const uint8_t MINI_GENERATED_LOGO_MASK_25[] PROGMEM = {
  0x80, 0x3F, 0xC0, 0x01, 0xC1, 0xF8, 0x03, 0xFC, 0x7F, 0xFE, 0xFF, 0xFF, 0xFF, 0xF5, 0xFF, 0x2F,
  0xFC, 0xFF, 0xEE, 0xFF, 0x43, 0xFF, 0x07, 0xFA, 0x2F, 0xF8, 0xFF, 0x40, 0x7F, 0x01, 0x9D, 0x02,
  0xB4, 0x05, 0xC0, 0x0A, 0x00, 0x00, 0x00, 0x08, 0x00,
};

// https://a.espncdn.com/i/teamlogos/ncaa/500/2329.png
static const uint16_t MINI_GENERATED_LOGO_PIXELS_26[] PROGMEM = {
  0x0000, 0x0000, 0x0000, 0x0000, 0x0000, 0x0000, 0x0000, 0x0000, 0x0000, 0x0000, 0x0000, 0x0000,
  0x0000, 0x0000, 0x0000, 0x0000, 0x0000, 0x0000, 0x0000, 0x0000, 0x0000, 0x0000, 0x0000, 0x0000,
  0x0800, 0x0800, 0x0800, 0x0800, 0x0000, 0x0820, 0x0000, 0x0000, 0x0000, 0x0000, 0x0000, 0x0000,
  0x0000, 0x0000, 0x0000, 0x0000, 0x0000, 0x5183, 0x9B47, 0x8B06, 0x8B06, 0x8B06, 0x9B67, 0x7A65,
  0x1040, 0x0000, 0x0000, 0x0000, 0x0000, 0x0000, 0x0000, 0x0000, 0x0000, 0x0000, 0x0820, 0x69E3,
  0xAC09, 0xCD0C, 0xCCEC, 0xC4EC, 0xA3C8, 0x61E3, 0x0000, 0x0000, 0x0000, 0x0000, 0x0000, 0x0000,
  0x0000, 0x0000, 0x0000, 0x0000, 0x0000, 0x2080, 0x7224, 0xAC29, 0x9B88, 0x8AE6, 0x4921, 0x28A1,
  0x0820, 0x0000, 0x0000, 0x0000, 0x0000, 0x0000, 0x0000, 0x0000, 0x0820, 0x1880, 0x38E1, 0x61A3,
  0x71C3, 0x79C3, 0x71A3, 0x7162, 0x81C3, 0x81E4, 0x71A3, 0x4922, 0x1860, 0x0000, 0x0000, 0x0000,
  0x0000, 0x0020, 0x30E1, 0x61A3, 0x8A04, 0x89E4, 0x89C4, 0x89C4, 0x81C3, 0x7AC7, 0x61C3, 0x7182,
  0x79A3, 0x7A44, 0x5962, 0x0820, 0x0000, 0x0000, 0x0000, 0x0000, 0x0000, 0x0820, 0x38E1, 0x71A3,
  0x81C3, 0x89C4, 0x81E4, 0x7C2D, 0x5B08, 0x836A, 0x9B47, 0x9B88, 0xA3A8, 0x9327, 0x1860, 0x0000,
  0x0000, 0x0000, 0x0000, 0x0000, 0x0000, 0x61E3, 0x79E3, 0x81C3, 0x79A3, 0x8328, 0x94AE, 0x9369,
  0x6A24, 0x51C4, 0x9B88, 0xABC8, 0x1860, 0x0000, 0x0000, 0x0000, 0x0000, 0x0000, 0x1840, 0xA3A8,
  0x9367, 0x6962, 0x7A44, 0x8AE6, 0x7A24, 0x69A2, 0x4101, 0x0000, 0x28A0, 0x4142, 0x0000, 0x0000,
  0x0000, 0x0000, 0x0000, 0x0000, 0x30E1, 0xB44A, 0xBCAB, 0x7A24, 0x79A3, 0x8204, 0x7A65, 0x82A5,
  0x8AC5, 0x7A44, 0x20A1, 0x0000, 0x0000, 0x0000, 0x0000, 0x0000, 0x0000, 0x0000, 0x59C3, 0xC4AB,
  0xC4CB, 0x9B67, 0x79A3, 0x5962, 0x2080, 0x1040, 0x1860, 0x4142, 0x4122, 0x0000, 0x0000, 0x0000,
  0x0000, 0x0000, 0x0000, 0x0000, 0x82A5, 0xC4CB, 0xC4CB, 0xA3A8, 0x38E1, 0x0000, 0x0000, 0x59A3,
  0x59C3, 0x0000, 0x0000, 0x0000, 0x0000, 0x0000, 0x0000, 0x0000, 0x0000, 0x1840, 0xA3A8, 0xC4AB,
  0xC4CB, 0x7AA5, 0x0000, 0x0000, 0x30E1, 0xB429, 0x6204, 0x0000, 0x0000, 0x0000, 0x0000, 0x0000,
  0x0000, 0x0000, 0x4142, 0x82E6, 0xBC8B, 0xC4CB, 0xBCAB, 0x82C6, 0x61E4, 0x7245, 0xAC09, 0xB44A,
  0x28A1, 0x0000, 0x0000, 0x0000, 0x0000, 0x0000, 0x0000, 0x0820, 0x8AC6, 0xBC4A, 0xB429, 0xB409,
  0xB409, 0xB409, 0xB429, 0xB429, 0xBC6A, 0x8B06, 0x1840, 0x0000, 0x0000, 0x0000, 0x0000, 0x0000,
  0x0000, 0x0820, 0x30C1, 0x28A1, 0x28A1, 0x28C1, 0x28C1, 0x28C1, 0x28C1, 0x28A1, 0x28C1, 0x20A1,
  0x1040, 0x0000, 0x0000, 0x0000, 0x0000, 0x0000, 0x0000, 0x0000, 0x0000, 0x0000, 0x0000, 0x0000,
  0x0000, 0x0000, 0x0000, 0x0000, 0x0000, 0x0000, 0x0000, 0x0000, 0x0000, 0x0000, 0x0000, 0x0000,
};
static const uint8_t MINI_GENERATED_LOGO_MASK_26[] PROGMEM = {
  0x00, 0x00, 0x80, 0x7F, 0x80, 0xFE, 0x05, 0xFF, 0x1F, 0xF0, 0x9F, 0xF8, 0xFF, 0xF5, 0xFF, 0x2F,
  0xFE, 0x7F, 0xF4, 0xFF, 0xF1, 0xFF, 0x4F, 0xFF, 0x17, 0xFF, 0x7F, 0xFA, 0xFF, 0xE8, 0xFF, 0xE0,
  0xFF, 0x85, 0xFF, 0x3F, 0xFE, 0x3F, 0x00, 0x00, 0x00,
};

// https://a.espncdn.com/guid/4dec648c-3eb9-055c-aebc-2711f30975a0/logos/primary_logo_on_primary_color.png
static const uint16_t MINI_GENERATED_LOGO_PIXELS_27[] PROGMEM = {
  0x0000, 0x0000, 0x0000, 0x0840, 0x49C1, 0x5201, 0x51E1, 0x51E1, 0x51E1, 0x5201, 0x3961, 0x0000,
  0x0000, 0x0000, 0x0000, 0x0000, 0x0000, 0x0000, 0x0000, 0x0000, 0x0840, 0xC4A3, 0xFE44, 0xF5E4,
  0xFDE4, 0xFDE4, 0xFDE4, 0xFDE4, 0xFE24, 0x7AC2, 0x0000, 0x0000, 0x0000, 0x0000, 0x0000, 0x0000,
  0x0000, 0x0000, 0x3961, 0xFEA5, 0xA3E2, 0x18A0, 0x20C0, 0x20C0, 0x20C0, 0x20C0, 0xE564, 0xEDA4,
  0x0000, 0x0000, 0x0000, 0x0000, 0x0000, 0x0000, 0x0000, 0x0000, 0x3961, 0xFE84, 0x7AE2, 0x0000,
  0x0000, 0x0000, 0x0000, 0x0000, 0x4181, 0x49A1, 0x0000, 0x0000, 0x0000, 0x0000, 0x0000, 0x0000,
  0x0000, 0x0000, 0x3961, 0xFEA5, 0x8322, 0x0000, 0x8302, 0xBCA3, 0xC4A3, 0xCCE3, 0xBC83, 0xBC63,
  0xCCC3, 0xA3E2, 0x28E0, 0x0000, 0x0000, 0x0000, 0x0000, 0x0000, 0x3961, 0xFE84, 0x7B02, 0x0000,
  0x8302, 0xFEE5, 0xBC83, 0x9BC2, 0xAC02, 0xB423, 0xB443, 0xFE44, 0xDD43, 0x1040, 0x0000, 0x0000,
  0x0000, 0x0000, 0x3140, 0xFEA5, 0xBC63, 0x3961, 0x9BA2, 0xFE84, 0x72A2, 0x3120, 0x2900, 0x0000,
  0x0000, 0x8B42, 0xFEA5, 0x3961, 0x0000, 0x0000, 0x0000, 0x0000, 0x0820, 0xB423, 0xFE44, 0xFE04,
  0xFDE4, 0xF5C4, 0xFE04, 0xFE24, 0xFE64, 0x9362, 0x0000, 0x8322, 0xFE84, 0x3961, 0x0000, 0x0000,
  0x0000, 0x0000, 0x0000, 0x0020, 0x3120, 0x3140, 0x49C1, 0x6AA1, 0x4181, 0x3940, 0xDD44, 0xFDE4,
  0x0000, 0x8302, 0xFE85, 0x3961, 0x0000, 0x0000, 0x0000, 0x0000, 0x0000, 0x0000, 0x0000, 0x0000,
  0x6A81, 0xF664, 0x4181, 0x0000, 0xBC83, 0xFDE4, 0x0000, 0x8302, 0xFE85, 0x3961, 0x0000, 0x0000,
  0x0000, 0x0000, 0x1060, 0x9BE2, 0x5A21, 0x0020, 0x7AE2, 0xFEA5, 0x51E1, 0x0020, 0xC4A3, 0xFDE4,
  0x0000, 0x8302, 0xFE85, 0x3961, 0x0000, 0x0000, 0x0000, 0x0000, 0x20E0, 0xFEE5, 0x72C2, 0x0000,
  0x72A1, 0xFEA5, 0x4181, 0x0000, 0xBC83, 0xFDE4, 0x0000, 0x8302, 0xFE85, 0x3961, 0x0000, 0x0000,
  0x0000, 0x0000, 0x18A0, 0xFE44, 0xB443, 0x51E1, 0xAC02, 0xFE84, 0x8B42, 0x5A21, 0xEDC4, 0xF5C4,
  0x0000, 0x8302, 0xFE85, 0x3961, 0x0000, 0x0000, 0x0000, 0x0000, 0x0000, 0x8B42, 0xF604, 0xF5E4,
  0xFE04, 0xFE24, 0xFE04, 0xFDE4, 0xF5E4, 0x72A2, 0x0000, 0x8342, 0xFE85, 0x3961, 0x0000, 0x0000,
  0x0000, 0x0000, 0x0000, 0x0000, 0x18A0, 0x18A0, 0x8322, 0xFE85, 0x5A21, 0x1080, 0x1060, 0x0000,
  0x0000, 0x7B02, 0xFE84, 0x4181, 0x0000, 0x0000, 0x0000, 0x0000, 0x0000, 0x0000, 0x0000, 0x0000,
  0x6A81, 0xFE84, 0x5A21, 0x1880, 0x20C0, 0x20E0, 0x28E0, 0xBC83, 0xFE64, 0x28E0, 0x0000, 0x0000,
  0x0000, 0x0000, 0x0000, 0x0000, 0x0020, 0x0000, 0x9BA2, 0xFEE5, 0xFE64, 0xFE84, 0xFE84, 0xFE84,
  0xFE85, 0xFE84, 0x8B42, 0x0000, 0x0000, 0x0000, 0x0000, 0x0000, 0x0000, 0x0000, 0x0000, 0x0000,
  0x3140, 0x49C1, 0x41A1, 0x41A1, 0x41A1, 0x41A1, 0x49A1, 0x3120, 0x0000, 0x0000, 0x0000, 0x0000,
};
static const uint8_t MINI_GENERATED_LOGO_MASK_27[] PROGMEM = {
  0xFA, 0x07, 0xFC, 0xFF, 0xD0, 0xFF, 0x46, 0x07, 0x23, 0xFD, 0x7F, 0x75, 0xFF, 0xDF, 0x7F, 0xAE,
  0xFF, 0xBF, 0xFA, 0xEF, 0x02, 0xB7, 0xDB, 0xFF, 0x6E, 0x77, 0xBB, 0xFD, 0xEF, 0xFA, 0xFF, 0x0B,
  0x7F, 0x2E, 0xF2, 0xBF, 0xF0, 0x7F, 0x01, 0xFF, 0x04,
};

// https://a.espncdn.com/guid/b7840e2f-6236-e764-2cae-20286a0829e7/logos/primary_logo_on_black_color.png
static const uint16_t MINI_GENERATED_LOGO_PIXELS_28[] PROGMEM = {
  0x0000, 0x0000, 0x0000, 0x0000, 0x0000, 0x0000, 0x0000, 0x0000, 0x0000, 0x0000, 0x0000, 0x0000,
  0x0000, 0x0000, 0x0000, 0x0000, 0x0000, 0x0000, 0x0000, 0x0000, 0x0000, 0x0000, 0x0000, 0x0000,
  0x0000, 0x0000, 0x0000, 0x0000, 0x0000, 0x0000, 0x0000, 0x0000, 0x0000, 0x0000, 0x0000, 0x0000,
  0x0000, 0x0000, 0x0000, 0x0000, 0x0000, 0x0000, 0x0000, 0x0000, 0x0000, 0x0000, 0x0000, 0x0000,
  0x0000, 0x0000, 0x0000, 0x0000, 0x0000, 0x0000, 0x0000, 0x0000, 0x0000, 0x0000, 0x0000, 0x0840,
  0x2900, 0x3980, 0x4180, 0x2920, 0x1060, 0x0000, 0x0000, 0x0000, 0x0000, 0x0000, 0x0000, 0x0000,
  0x0000, 0x0000, 0x0000, 0x3980, 0xA441, 0xE5E2, 0xFE62, 0xFE82, 0xFE82, 0xFE62, 0xEE02, 0xB4A1,
  0x5220, 0x0000, 0x0000, 0x0000, 0x0000, 0x0000, 0x0000, 0x0000, 0x8341, 0xFEA2, 0xFEE2, 0xFEA2,
  0xFE62, 0xFE82, 0xFEC2, 0xFEA2, 0xFE82, 0xFEE2, 0xFEE2, 0xAC61, 0x1060, 0x0000, 0x0000, 0x0000,
  0x0000, 0x6AC1, 0xFF03, 0xFE82, 0xF662, 0xF662, 0xFEC2, 0xFEA2, 0xD562, 0xE5E2, 0xFE82, 0xEE02,
  0xF622, 0xFF43, 0xA441, 0x0000, 0x0000, 0x0000, 0x18A0, 0xE5E2, 0xFE82, 0xFE62, 0xFE62, 0xFEE3,
  0xCD62, 0x5200, 0x1060, 0xE5C2, 0xFF43, 0xD582, 0x6261, 0xFEE2, 0xB481, 0x1060, 0x0000, 0x0000,
  0x20E0, 0xC502, 0xFEA2, 0xF662, 0xFEE2, 0x9C21, 0x18A0, 0xAC61, 0x6281, 0x5A40, 0xDDE2, 0x6AA1,
  0x0000, 0x3140, 0x8BA1, 0xEE42, 0x7301, 0x0000, 0x0020, 0xBCE2, 0xFE82, 0xFEE2, 0x93E1, 0x0000,
  0x0000, 0x18A0, 0xBCE2, 0x62A1, 0x3160, 0x20E0, 0x0020, 0x8BA1, 0xFEE2, 0xFEA2, 0xF642, 0x18A0,
  0x0000, 0x8BA1, 0xFF43, 0xAC81, 0x0000, 0x0000, 0x0020, 0x5A61, 0xF642, 0xFEC2, 0xFF03, 0x6AA1,
  0x3980, 0xCD42, 0xDDA2, 0xFEA2, 0xFEC2, 0x41C0, 0x0000, 0x5A60, 0xDDC2, 0x18A0, 0x0000, 0x20E0,
  0xC522, 0xFEE2, 0xFE62, 0xFE82, 0xF642, 0x2900, 0x18A0, 0x0000, 0x0820, 0x8BA1, 0xFEE3, 0x3120,
  0x0000, 0x20E0, 0x5220, 0x0000, 0x0000, 0x7B41, 0xFF43, 0xF642, 0xFE82, 0xFF03, 0x72E1, 0x0020,
  0xD562, 0x6AC1, 0x0000, 0x18A0, 0x9BE1, 0x0000, 0x0000, 0x0020, 0x0000, 0x0000, 0x0000, 0x3980,
  0xE602, 0xFEA2, 0xEE22, 0x7301, 0x0000, 0x0000, 0x3980, 0x7B21, 0x1060, 0x0020, 0x0000, 0x0000,
  0x0000, 0x0000, 0x0000, 0x0000, 0x0000, 0x0000, 0x18A0, 0x41C0, 0x18A0, 0x0000, 0x0000, 0x0000,
  0x0000, 0x0000, 0x0000, 0x0000, 0x0000, 0x0000, 0x0000, 0x0000, 0x0000, 0x0000, 0x0000, 0x0000,
  0x0000, 0x0000, 0x0000, 0x0000, 0x0000, 0x0000, 0x0000, 0x0000, 0x0000, 0x0000, 0x0000, 0x0000,
  0x0000, 0x0000, 0x0000, 0x0000, 0x0000, 0x0000, 0x0000, 0x0000, 0x0000, 0x0000, 0x0000, 0x0000,
  0x0000, 0x0000, 0x0000, 0x0000, 0x0000, 0x0000, 0x0000, 0x0000, 0x0000, 0x0000, 0x0000, 0x0000,
  0x0000, 0x0000, 0x0000, 0x0000, 0x0000, 0x0000, 0x0000, 0x0000, 0x0000, 0x0000, 0x0000, 0x0000,
};
static const uint8_t MINI_GENERATED_LOGO_MASK_28[] PROGMEM = {
  0x00, 0x00, 0x80, 0x1F, 0x80, 0x81, 0x01, 0xF9, 0x19, 0xFB, 0x1F, 0xF4, 0xFF, 0xE7, 0xFF, 0xD7,
  0xFF, 0xBF, 0xFF, 0xEF, 0x7D, 0xFF, 0xFF, 0xFD, 0xBF, 0xFB, 0xF7, 0xE6, 0xFF, 0xAB, 0xCF, 0x07,
  0x5D, 0x00, 0x88, 0x0C, 0xC0, 0x01, 0x00, 0x00, 0x00,
};

// https://raw.githubusercontent.com/MattLD13/PoopTracker/refs/heads/main/New_York_Yankees_logo.svg.png
static const uint16_t MINI_GENERATED_LOGO_PIXELS_29[] PROGMEM = {
  0x0000, 0x0000, 0x0000, 0x0000, 0x0000, 0x0000, 0x00C8, 0x0065, 0x0000, 0x0000, 0x0000, 0x0064,
  0x0022, 0x0000, 0x0000, 0x0000, 0x0000, 0x0000, 0x0000, 0x0000, 0x0000, 0x0000, 0x0000, 0x00EA,
  0x0191, 0x0043, 0x0000, 0x0000, 0x0000, 0x00C8, 0x014F, 0x0021, 0x0000, 0x0000, 0x0000, 0x0000,
  0x0000, 0x0000, 0x0000, 0x0000, 0x0085, 0x01B2, 0x0170, 0x0043, 0x0000, 0x0000, 0x0000, 0x00C9,
  0x01B3, 0x012D, 0x0000, 0x0000, 0x0000, 0x0000, 0x0000, 0x0000, 0x0065, 0x010C, 0x0000, 0x00C9,
  0x01B2, 0x0086, 0x0000, 0x0000, 0x0000, 0x012D, 0x0190, 0x0065, 0x0022, 0x0000, 0x0000, 0x0000,
  0x0000, 0x0065, 0x0170, 0x01B2, 0x0065, 0x0000, 0x016F, 0x010C, 0x0000, 0x0000, 0x0043, 0x01B2,
  0x00A7, 0x0001, 0x0170, 0x012E, 0x0064, 0x0000, 0x0000, 0x0085, 0x0170, 0x0191, 0x016F, 0x0000,
  0x0086, 0x0191, 0x0021, 0x0000, 0x00EA, 0x0170, 0x0000, 0x00EA, 0x01B2, 0x016F, 0x0065, 0x0000,
  0x0000, 0x0000, 0x00C8, 0x0191, 0x0170, 0x012D, 0x0022, 0x0170, 0x00A7, 0x0000, 0x0191, 0x00C9,
  0x0000, 0x016F, 0x0191, 0x0064, 0x0000, 0x0000, 0x0000, 0x0000, 0x0001, 0x0171, 0x00C9, 0x010C,
  0x014E, 0x014E, 0x014E, 0x00EA, 0x0191, 0x0022, 0x0042, 0x0191, 0x012D, 0x0000, 0x0000, 0x0000,
  0x0000, 0x0000, 0x0000, 0x012D, 0x010B, 0x0000, 0x010C, 0x01B2, 0x0170, 0x01B2, 0x010B, 0x0000,
  0x0065, 0x0192, 0x00EA, 0x0000, 0x0000, 0x0000, 0x0000, 0x0000, 0x0000, 0x010C, 0x012D, 0x0000,
  0x0000, 0x00C9, 0x0190, 0x0191, 0x0065, 0x0000, 0x0065, 0x01B2, 0x00C9, 0x0000, 0x0000, 0x0000,
  0x0000, 0x0000, 0x0000, 0x014E, 0x010B, 0x0000, 0x0000, 0x0001, 0x0170, 0x0191, 0x014F, 0x0043,
  0x0022, 0x01B2, 0x00C9, 0x0000, 0x0000, 0x0000, 0x0000, 0x0000, 0x0021, 0x0191, 0x00C9, 0x0000,
  0x0000, 0x0021, 0x0170, 0x012D, 0x00EA, 0x0170, 0x0086, 0x0170, 0x010C, 0x0000, 0x0000, 0x0000,
  0x0000, 0x0000, 0x00A7, 0x01B2, 0x0086, 0x0000, 0x0000, 0x0001, 0x0191, 0x010C, 0x0000, 0x00C8,
  0x0191, 0x0170, 0x014F, 0x0001, 0x0000, 0x0000, 0x0000, 0x0000, 0x012E, 0x0191, 0x0042, 0x0000,
  0x0000, 0x0021, 0x0191, 0x010C, 0x0000, 0x0000, 0x00EA, 0x0191, 0x0191, 0x0085, 0x0000, 0x0000,
  0x0000, 0x00A7, 0x0191, 0x014E, 0x0000, 0x0000, 0x0000, 0x0022, 0x0191, 0x010C, 0x0000, 0x0000,
  0x0001, 0x014F, 0x0191, 0x014E, 0x0043, 0x0000, 0x0000, 0x014D, 0x01B2, 0x010B, 0x0000, 0x0000,
  0x0000, 0x0065, 0x01B2, 0x012D, 0x0000, 0x0000, 0x0000, 0x00C8, 0x0191, 0x0192, 0x00C9, 0x0000,
  0x0000, 0x0043, 0x014F, 0x010B, 0x0000, 0x0000, 0x0001, 0x012D, 0x0191, 0x0191, 0x0086, 0x0000,
  0x0000, 0x0064, 0x01B2, 0x00C8, 0x0000, 0x0000, 0x0000, 0x0000, 0x0021, 0x0065, 0x0000, 0x0000,
  0x0000, 0x0043, 0x0064, 0x0064, 0x0043, 0x0000, 0x0000, 0x0022, 0x0086, 0x0000, 0x0000, 0x0000,
};
static const uint8_t MINI_GENERATED_LOGO_MASK_29[] PROGMEM = {
  0xC8, 0x5A, 0xF0, 0xEB, 0x23, 0xAF, 0x17, 0xFF, 0x3F, 0xFE, 0xFE, 0xF9, 0xF7, 0xC7, 0xFF, 0x8F,
  0xFF, 0x5F, 0xF8, 0xF7, 0x79, 0xDE, 0x85, 0xFB, 0x97, 0xF7, 0x5F, 0x9C, 0xFB, 0x79, 0xDE, 0xE3,
  0xFD, 0x9F, 0xEB, 0x7A, 0xEE, 0xF7, 0x71, 0xBF, 0x01,
};

// https://raw.githubusercontent.com/MattLD13/PoopTracker/refs/heads/main/Colorado_Rockies_logo.svg.png
static const uint16_t MINI_GENERATED_LOGO_PIXELS_30[] PROGMEM = {
  0x0000, 0x0000, 0x0000, 0x0000, 0x200A, 0x4012, 0x4013, 0x4013, 0x300F, 0x200A, 0x1005, 0x0000,
  0x0000, 0x0000, 0x0000, 0x0000, 0x0000, 0x0000, 0x0000, 0x0000, 0x0002, 0x5933, 0x7139, 0x280D,
  0x1005, 0x1006, 0x3810, 0x5819, 0x2009, 0x0000, 0x0000, 0x0000, 0x0000, 0x0000, 0x0000, 0x0000,
  0x0000, 0x0000, 0x5952, 0xCD5F, 0x308C, 0x0000, 0x0000, 0x0000, 0x0000, 0x4012, 0x200A, 0x0000,
  0x0000, 0x0000, 0x0000, 0x0000, 0x0000, 0x0000, 0x0000, 0x1808, 0xD5FE, 0x9BD9, 0x0001, 0x0000,
  0x0000, 0x0000, 0x0000, 0x2009, 0x280B, 0x0000, 0x0000, 0x0000, 0x0000, 0x0000, 0x0000, 0x0000,
  0x0000, 0x5931, 0xFFBF, 0x59B2, 0x0000, 0x0000, 0x0000, 0x0000, 0x0000, 0x0001, 0x0802, 0x0000,
  0x0000, 0x0000, 0x0000, 0x0000, 0x0000, 0x0000, 0x0000, 0x82D6, 0xFFDF, 0x40CF, 0x0000, 0x0000,
  0x0000, 0x0000, 0x0000, 0x0000, 0x0000, 0x0000, 0x0000, 0x0000, 0x0000, 0x0000, 0x0000, 0x0000,
  0x0000, 0x8AF7, 0xFFDF, 0x40CF, 0x0000, 0x1807, 0x1808, 0x1008, 0x200A, 0x280C, 0x280C, 0x1807,
  0x0001, 0x0000, 0x0000, 0x0000, 0x0000, 0x0000, 0x0000, 0x69F4, 0xFFFF, 0x61B2, 0x0000, 0x300E,
  0x5016, 0xAC1C, 0x7197, 0x2009, 0x280D, 0x6918, 0x71F7, 0x1809, 0x0000, 0x0000, 0x0000, 0x0000,
  0x0000, 0x282C, 0xF73F, 0x9BD9, 0x0001, 0x0000, 0x304D, 0xFFFF, 0x7AF4, 0x0000, 0x2009, 0x308C,
  0xEEFF, 0x92FA, 0x0804, 0x0000, 0x0000, 0x0000, 0x0000, 0x0002, 0x8297, 0xE65F, 0x306D, 0x0000,
  0x284A, 0xFF3F, 0x7AB4, 0x200D, 0x300E, 0x0804, 0xD5DD, 0xDE3F, 0x180A, 0x0000, 0x0000, 0x0000,
  0x0000, 0x0000, 0x1007, 0x7A18, 0x7179, 0x200B, 0x384E, 0xF75F, 0x8AD8, 0x5017, 0x1806, 0x0805,
  0xE67E, 0xCD5E, 0x1008, 0x0000, 0x0000, 0x0000, 0x0000, 0x0000, 0x0000, 0x0804, 0x300E, 0x4814,
  0x5035, 0xF75F, 0x8AD8, 0x280E, 0x0002, 0x48F0, 0xCD7F, 0x50F2, 0x0001, 0x0000, 0x0000, 0x0000,
  0x0000, 0x0000, 0x0000, 0x0000, 0x0000, 0x0000, 0x302C, 0xFF5F, 0x82D7, 0x280E, 0x4853, 0x60D8,
  0x280D, 0x0001, 0x0000, 0x0000, 0x0000, 0x0000, 0x0000, 0x0000, 0x0000, 0x0000, 0x0000, 0x0000,
  0x282B, 0xFF5F, 0x82D6, 0x1008, 0x9359, 0xEF1E, 0x5171, 0x0000, 0x0000, 0x0000, 0x0000, 0x0000,
  0x0000, 0x0000, 0x0000, 0x0000, 0x0000, 0x0000, 0x282B, 0xFF5F, 0x7AD5, 0x0000, 0x308C, 0xF73F,
  0xE69F, 0x2009, 0x0000, 0x0000, 0x0000, 0x0000, 0x0000, 0x0000, 0x0000, 0x0000, 0x0000, 0x0000,
  0x282B, 0xFF7F, 0x7AD5, 0x0000, 0x0000, 0x7A76, 0xFFFF, 0x82F6, 0x0000, 0x0000, 0x0000, 0x0000,
  0x0000, 0x0000, 0x0000, 0x0000, 0x0000, 0x0001, 0x3830, 0xF73F, 0x8AB8, 0x0803, 0x0000, 0x1807,
  0xD5DE, 0xEEFF, 0x306D, 0x0001, 0x0000, 0x0000, 0x0000, 0x0000, 0x0000, 0x0000, 0x0000, 0x300F,
  0x4012, 0x50F3, 0x4852, 0x4011, 0x1806, 0x0000, 0x384E, 0x6154, 0x4852, 0x300E, 0x0000, 0x0000,
};
static const uint8_t MINI_GENERATED_LOGO_MASK_30[] PROGMEM = {
  0xFA, 0x17, 0xF0, 0x5F, 0xE0, 0x61, 0x81, 0xBF, 0x05, 0xEE, 0x1F, 0x38, 0x80, 0xE0, 0xFF, 0x85,
  0xFF, 0x2F, 0xDE, 0x7F, 0x78, 0xFF, 0xC1, 0xFF, 0x87, 0xFE, 0x3F, 0xE4, 0xBF, 0x60, 0xFF, 0x03,
  0xDF, 0x0B, 0x74, 0x1F, 0xF0, 0xFF, 0xD0, 0xDF, 0x03,
};

static const MiniGeneratedLogoOverride MINI_GENERATED_LOGO_OVERRIDES[] = {
  {"MARCH_MADNESS:IOWA", "https://a.espncdn.com/guid/b7840e2f-6236-e764-2cae-20286a0829e7/logos/primary_logo_on_black_color.png", MINI_GENERATED_LOGO_PIXELS_28, MINI_GENERATED_LOGO_MASK_28},
  {"MLB:COL", "https://raw.githubusercontent.com/MattLD13/PoopTracker/refs/heads/main/Colorado_Rockies_logo.svg.png", MINI_GENERATED_LOGO_PIXELS_30, MINI_GENERATED_LOGO_MASK_30},
  {"MLB:HOU", "https://a.espncdn.com/i/teamlogos/mlb/500/hou.png", MINI_GENERATED_LOGO_PIXELS_2, MINI_GENERATED_LOGO_MASK_2},
  {"MLB:MIA", "https://a.espncdn.com/i/teamlogos/mlb/500/mia.png", MINI_GENERATED_LOGO_PIXELS_6, MINI_GENERATED_LOGO_MASK_6},
  {"MLB:NYY", "https://raw.githubusercontent.com/MattLD13/PoopTracker/refs/heads/main/New_York_Yankees_logo.svg.png", MINI_GENERATED_LOGO_PIXELS_29, MINI_GENERATED_LOGO_MASK_29},
  {"MLB:SD", "https://a.espncdn.com/guid/4dec648c-3eb9-055c-aebc-2711f30975a0/logos/primary_logo_on_primary_color.png", MINI_GENERATED_LOGO_PIXELS_27, MINI_GENERATED_LOGO_MASK_27},
  {"MLB:WAS", "https://a.espncdn.com/i/teamlogos/mlb/500/wsh.png", MINI_GENERATED_LOGO_PIXELS_14, MINI_GENERATED_LOGO_MASK_14},
  {"MLB:WSH", "https://a.espncdn.com/i/teamlogos/mlb/500/wsh.png", MINI_GENERATED_LOGO_PIXELS_14, MINI_GENERATED_LOGO_MASK_14},
  {"NBA:HOU", "https://a.espncdn.com/i/teamlogos/nba/500/hou.png", MINI_GENERATED_LOGO_PIXELS_1, MINI_GENERATED_LOGO_MASK_1},
  {"NBA:IND", "https://a.espncdn.com/i/teamlogos/nba/500/ind.png", MINI_GENERATED_LOGO_PIXELS_9, MINI_GENERATED_LOGO_MASK_9},
  {"NBA:MIA", "https://a.espncdn.com/i/teamlogos/nba/500/mia.png", MINI_GENERATED_LOGO_PIXELS_5, MINI_GENERATED_LOGO_MASK_5},
  {"NBA:WAS", "https://a.espncdn.com/i/teamlogos/nba/500/was.png", MINI_GENERATED_LOGO_PIXELS_13, MINI_GENERATED_LOGO_MASK_13},
  {"NBA:WSH", "https://a.espncdn.com/i/teamlogos/nba/500/was.png", MINI_GENERATED_LOGO_PIXELS_13, MINI_GENERATED_LOGO_MASK_13},
  {"NCF_FBS:CAL", "https://a.espncdn.com/i/teamlogos/ncaa/500/25.png", MINI_GENERATED_LOGO_PIXELS_22, MINI_GENERATED_LOGO_MASK_22},
  {"NCF_FBS:HOU", "https://a.espncdn.com/i/teamlogos/ncaa/500/248.png", MINI_GENERATED_LOGO_PIXELS_3, MINI_GENERATED_LOGO_MASK_3},
  {"NCF_FBS:IND", "https://a.espncdn.com/i/teamlogos/ncaa/500/84.png", MINI_GENERATED_LOGO_PIXELS_10, MINI_GENERATED_LOGO_MASK_10},
  {"NCF_FBS:MIA", "https://a.espncdn.com/i/teamlogos/ncaa/500/2390.png", MINI_GENERATED_LOGO_PIXELS_7, MINI_GENERATED_LOGO_MASK_7},
  {"NCF_FBS:MIAMI", "https://a.espncdn.com/i/teamlogos/ncaa/500/2390.png", MINI_GENERATED_LOGO_PIXELS_7, MINI_GENERATED_LOGO_MASK_7},
  {"NCF_FBS:ORST", "https://a.espncdn.com/i/teamlogos/ncaa/500/204.png", MINI_GENERATED_LOGO_PIXELS_24, MINI_GENERATED_LOGO_MASK_24},
  {"NCF_FBS:OSU", "https://a.espncdn.com/i/teamlogos/ncaa/500/194.png", MINI_GENERATED_LOGO_PIXELS_23, MINI_GENERATED_LOGO_MASK_23},
  {"NCF_FBS:WASH", "https://a.espncdn.com/i/teamlogos/ncaa/500/264.png", MINI_GENERATED_LOGO_PIXELS_15, MINI_GENERATED_LOGO_MASK_15},
  {"NCF_FCS:LEH", "https://a.espncdn.com/i/teamlogos/ncaa/500/2329.png", MINI_GENERATED_LOGO_PIXELS_26, MINI_GENERATED_LOGO_MASK_26},
  {"NCF_FCS:LIN", "https://a.espncdn.com/i/teamlogos/ncaa/500/2815.png", MINI_GENERATED_LOGO_PIXELS_25, MINI_GENERATED_LOGO_MASK_25},
  {"NFL:HOU", "https://a.espncdn.com/i/teamlogos/nfl/500/hou.png", MINI_GENERATED_LOGO_PIXELS_0, MINI_GENERATED_LOGO_MASK_0},
  {"NFL:IND", "https://a.espncdn.com/i/teamlogos/nfl/500/ind.png", MINI_GENERATED_LOGO_PIXELS_8, MINI_GENERATED_LOGO_MASK_8},
  {"NFL:MIA", "https://a.espncdn.com/i/teamlogos/nfl/500/mia.png", MINI_GENERATED_LOGO_PIXELS_4, MINI_GENERATED_LOGO_MASK_4},
  {"NFL:WAS", "https://a.espncdn.com/i/teamlogos/nfl/500/wsh.png", MINI_GENERATED_LOGO_PIXELS_12, MINI_GENERATED_LOGO_MASK_12},
  {"NFL:WSH", "https://a.espncdn.com/i/teamlogos/nfl/500/wsh.png", MINI_GENERATED_LOGO_PIXELS_12, MINI_GENERATED_LOGO_MASK_12},
  {"NHL:LAK", "https://a.espncdn.com/i/teamlogos/nhl/500/la.png", MINI_GENERATED_LOGO_PIXELS_19, MINI_GENERATED_LOGO_MASK_19},
  {"NHL:NJD", "https://a.espncdn.com/i/teamlogos/nhl/500/nj.png", MINI_GENERATED_LOGO_PIXELS_17, MINI_GENERATED_LOGO_MASK_17},
  {"NHL:SJS", "https://a.espncdn.com/i/teamlogos/nhl/500/sj.png", MINI_GENERATED_LOGO_PIXELS_16, MINI_GENERATED_LOGO_MASK_16},
  {"NHL:TBL", "https://a.espncdn.com/i/teamlogos/nhl/500/tb.png", MINI_GENERATED_LOGO_PIXELS_18, MINI_GENERATED_LOGO_MASK_18},
  {"NHL:UTA", "https://a.espncdn.com/i/teamlogos/nhl/500/utah.png", MINI_GENERATED_LOGO_PIXELS_21, MINI_GENERATED_LOGO_MASK_21},
  {"NHL:VEG", "https://a.espncdn.com/i/teamlogos/nhl/500/vgs.png", MINI_GENERATED_LOGO_PIXELS_20, MINI_GENERATED_LOGO_MASK_20},
  {"NHL:VGK", "https://a.espncdn.com/i/teamlogos/nhl/500/vgs.png", MINI_GENERATED_LOGO_PIXELS_20, MINI_GENERATED_LOGO_MASK_20},
  {"NHL:WAS", "https://a.espncdn.com/guid/cbe677ee-361e-91b4-5cae-6c4c30044743/logos/secondary_logo_on_black_color.png", MINI_GENERATED_LOGO_PIXELS_11, MINI_GENERATED_LOGO_MASK_11},
  {"NHL:WSH", "https://a.espncdn.com/guid/cbe677ee-361e-91b4-5cae-6c4c30044743/logos/secondary_logo_on_black_color.png", MINI_GENERATED_LOGO_PIXELS_11, MINI_GENERATED_LOGO_MASK_11},
};

static constexpr size_t MINI_GENERATED_LOGO_OVERRIDE_COUNT = sizeof(MINI_GENERATED_LOGO_OVERRIDES) / sizeof(MINI_GENERATED_LOGO_OVERRIDES[0]);
